source,league,season_start_year,match_date,home_team,away_team,home_goals,away_goals,ht_home_goals,ht_away_goals
flashscore_fhg,F1,2025,2025-11-09,angers,auxerre,2,0,1,0
flashscore_fhg,F1,2025,2025-11-09,lorient,toulouse,1,1,0,1
flashscore_fhg,F1,2025,2025-11-09,lyon,psg,2,3,2,3
flashscore_fhg,F1,2025,2025-11-09,metz,nice,2,1,1,1
flashscore_fhg,F1,2025,2025-11-09,strasbourg,lille,2,0,1,0
flashscore_fhg,RO1,2025,2025-11-09,fc hermannstadt,fcsb,3,3,0,3
flashscore_fhg,RO1,2025,2025-11-09,unirea slobozia,cfr cluj,0,1,2,1
flashscore_fhg,RO1,2025,2025-11-09,univ. craiova,uta arad,1,2,2,2
flashscore_fhg,F1,2025,2025-11-21,nice,marseille,1,5,2,5
flashscore_fhg,RO1,2025,2025-11-21,csikszereda m. ciuc,unirea slobozia,2,1,1,1
flashscore_fhg,RO1,2025,2025-11-21,fc arges,univ. craiova,1,2,2,2
flashscore_fhg,F1,2025,2025-11-22,lens,strasbourg,1,0,1,0
flashscore_fhg,F1,2025,2025-11-22,psg,le havre,3,0,1,0
flashscore_fhg,F1,2025,2025-11-22,rennes,monaco,4,1,1,1
flashscore_fhg,RO1,2025,2025-11-22,fcsb,petrolul,1,1,0,1
flashscore_fhg,RO1,2025,2025-11-22,uta arad,u. cluj,0,2,2,2
flashscore_fhg,F1,2025,2025-11-23,auxerre,lyon,0,0,0,0
flashscore_fhg,F1,2025,2025-11-23,brest,metz,3,2,1,2
flashscore_fhg,F1,2025,2025-11-23,lille,paris fc,4,2,1,2
flashscore_fhg,F1,2025,2025-11-23,nantes,lorient,1,1,0,1
flashscore_fhg,F1,2025,2025-11-23,toulouse,angers,0,1,2,1
flashscore_fhg,RO1,2025,2025-11-23,cfr cluj,fc rapid bucuresti,3,0,1,0
flashscore_fhg,RO1,2025,2025-11-23,otelul,farul constanta,2,2,0,2
flashscore_fhg,RO1,2025,2025-11-24,fc botosani,din. bucuresti,1,1,0,1
flashscore_fhg,RO1,2025,2025-11-24,metaloglobus bucharest,fc hermannstadt,1,1,0,1
flashscore_fhg,F1,2025,2025-11-28,metz,rennes,0,1,2,1
flashscore_fhg,RO1,2025,2025-11-28,fc rapid bucuresti,csikszereda m. ciuc,4,1,1,1
flashscore_fhg,F1,2025,2025-11-29,marseille,toulouse,2,2,0,2
flashscore_fhg,F1,2025,2025-11-29,monaco,psg,1,0,1,0
flashscore_fhg,F1,2025,2025-11-29,paris fc,auxerre,1,1,0,1
flashscore_fhg,N1,2025,2025-11-29,excelsior,nac breda,1,0,1,0
flashscore_fhg,N1,2025,2025-11-29,nijmegen,sparta rotterdam,3,1,1,1
flashscore_fhg,N1,2025,2025-11-29,sittard,heracles,1,1,0,1
flashscore_fhg,RO1,2025,2025-11-29,din. bucuresti,otelul,1,0,1,0
flashscore_fhg,RO1,2025,2025-11-29,fc arges,cfr cluj,3,0,1,0
flashscore_fhg,D1,2025,2025-11-30,eintracht frankfurt,wolfsburg,1,1,0,1
flashscore_fhg,D1,2025,2025-11-30,freiburg,mainz,4,0,1,0
flashscore_fhg,D1,2025,2025-11-30,hamburger sv,stuttgart,2,1,1,1
flashscore_fhg,F1,2025,2025-11-30,angers,lens,1,2,2,2
flashscore_fhg,F1,2025,2025-11-30,le havre,lille,0,1,2,1
flashscore_fhg,F1,2025,2025-11-30,lorient,nice,3,1,1,1
flashscore_fhg,F1,2025,2025-11-30,lyon,nantes,3,0,1,0
flashscore_fhg,F1,2025,2025-11-30,strasbourg,brest,1,2,2,2
flashscore_fhg,N1,2025,2025-11-30,g.a. eagles,utrecht,2,2,0,2
flashscore_fhg,N1,2025,2025-11-30,psv,fc volendam,3,0,1,0
flashscore_fhg,N1,2025,2025-11-30,telstar,feyenoord,1,2,2,2
flashscore_fhg,N1,2025,2025-11-30,twente,az alkmaar,1,0,1,0
flashscore_fhg,RO1,2025,2025-11-30,farul constanta,fcsb,1,2,2,2
flashscore_fhg,RO1,2025,2025-11-30,fc hermannstadt,uta arad,1,2,2,2
flashscore_fhg,RO1,2025,2025-11-30,unirea slobozia,fc botosani,0,1,2,1
flashscore_fhg,P1,2025,2025-12-01,arouca,braga,0,4,2,4
flashscore_fhg,RO1,2025,2025-12-01,petrolul,metaloglobus bucharest,4,1,1,1
flashscore_fhg,RO1,2025,2025-12-01,u. cluj,univ. craiova,0,0,0,0
flashscore_fhg,N1,2025,2025-12-02,ajax,groningen,2,0,1,0
flashscore_fhg,D1,2025,2025-12-05,mainz,b. monchengladbach,0,1,2,1
flashscore_fhg,F1,2025,2025-12-05,brest,monaco,1,0,1,0
flashscore_fhg,F1,2025,2025-12-05,lille,marseille,1,0,1,0
flashscore_fhg,N1,2025,2025-12-05,excelsior,groningen,0,2,2,2
flashscore_fhg,P1,2025,2025-12-05,benfica,sporting cp,1,1,0,1
flashscore_fhg,RO1,2025,2025-12-05,otelul,unirea slobozia,3,0,1,0
flashscore_fhg,D1,2025,2025-12-06,augsburg,bayer leverkusen,2,0,1,0
flashscore_fhg,D1,2025,2025-12-06,fc koln,st. pauli,1,1,0,1
flashscore_fhg,D1,2025,2025-12-06,heidenheim,freiburg,2,1,1,1
flashscore_fhg,D1,2025,2025-12-06,rb leipzig,eintracht frankfurt,6,0,1,0
flashscore_fhg,D1,2025,2025-12-06,stuttgart,bayern munich,0,5,2,5
flashscore_fhg,D1,2025,2025-12-06,wolfsburg,union berlin,3,1,1,1
flashscore_fhg,F1,2025,2025-12-06,nantes,lens,1,2,2,2
flashscore_fhg,F1,2025,2025-12-06,psg,rennes,5,0,1,0
flashscore_fhg,F1,2025,2025-12-06,toulouse,strasbourg,1,0,1,0
flashscore_fhg,N1,2025,2025-12-06,feyenoord,zwolle,6,1,1,1
flashscore_fhg,N1,2025,2025-12-06,heerenveen,psv,0,2,2,2
flashscore_fhg,N1,2025,2025-12-06,heracles,telstar,1,1,0,1
flashscore_fhg,N1,2025,2025-12-06,sittard,ajax,1,3,2,3
flashscore_fhg,P1,2025,2025-12-06,afs,rio ave,1,2,2,2
flashscore_fhg,P1,2025,2025-12-06,famalicao,braga,1,2,2,2
flashscore_fhg,P1,2025,2025-12-06,santa clara,casa pia,1,0,1,0
flashscore_fhg,RO1,2025,2025-12-06,csikszereda m. ciuc,fc arges,0,2,2,2
flashscore_fhg,RO1,2025,2025-12-06,fcsb,din. bucuresti,0,0,0,0
flashscore_fhg,D1,2025,2025-12-07,dortmund,hoffenheim,2,0,1,0
flashscore_fhg,D1,2025,2025-12-07,hamburger sv,werder bremen,3,2,1,2
flashscore_fhg,F1,2025,2025-12-07,auxerre,metz,3,1,1,1
flashscore_fhg,F1,2025,2025-12-07,le havre,paris fc,0,0,0,0
flashscore_fhg,F1,2025,2025-12-07,lorient,lyon,1,0,1,0
flashscore_fhg,F1,2025,2025-12-07,nice,angers,0,1,2,1
flashscore_fhg,N1,2025,2025-12-07,az alkmaar,g.a. eagles,2,2,0,2
flashscore_fhg,N1,2025,2025-12-07,fc volendam,nijmegen,2,3,2,3
flashscore_fhg,N1,2025,2025-12-07,sparta rotterdam,nac breda,1,0,1,0
flashscore_fhg,N1,2025,2025-12-07,utrecht,twente,1,1,0,1
flashscore_fhg,P1,2025,2025-12-07,alverca,nacional,1,0,1,0
flashscore_fhg,P1,2025,2025-12-07,estoril,moreirense,3,3,0,3
flashscore_fhg,P1,2025,2025-12-07,estrela,arouca,3,1,1,1
flashscore_fhg,P1,2025,2025-12-07,tondela,fc porto,0,2,2,2
flashscore_fhg,RO1,2025,2025-12-07,metaloglobus bucharest,farul constanta,2,1,1,1
flashscore_fhg,RO1,2025,2025-12-07,u. cluj,fc hermannstadt,3,0,1,0
flashscore_fhg,RO1,2025,2025-12-07,univ. craiova,cfr cluj,1,1,0,1
flashscore_fhg,P1,2025,2025-12-08,vitoria guimaraes,gil vicente,0,0,0,0
flashscore_fhg,RO1,2025,2025-12-08,fc botosani,fc rapid bucuresti,0,0,0,0
flashscore_fhg,RO1,2025,2025-12-08,uta arad,petrolul,1,0,1,0
flashscore_fhg,SP1,2025,2025-12-08,osasuna,levante,2,0,1,0
flashscore_fhg,D1,2025,2025-12-12,union berlin,rb leipzig,3,1,1,1
flashscore_fhg,F1,2025,2025-12-12,angers,nantes,4,1,1,1
flashscore_fhg,RO1,2025,2025-12-12,cfr cluj,csikszereda m. ciuc,3,1,1,1
flashscore_fhg,SP1,2025,2025-12-12,real sociedad,girona,1,2,2,2
flashscore_fhg,D1,2025,2025-12-13,b. monchengladbach,wolfsburg,1,3,2,3
flashscore_fhg,D1,2025,2025-12-13,bayer leverkusen,fc koln,2,0,1,0
flashscore_fhg,D1,2025,2025-12-13,eintracht frankfurt,augsburg,1,0,1,0
flashscore_fhg,D1,2025,2025-12-13,hoffenheim,hamburger sv,4,1,1,1
flashscore_fhg,D1,2025,2025-12-13,st. pauli,heidenheim,2,1,1,1
flashscore_fhg,F1,2025,2025-12-13,metz,psg,2,3,2,3
flashscore_fhg,F1,2025,2025-12-13,paris fc,toulouse,0,3,2,3
flashscore_fhg,F1,2025,2025-12-13,rennes,brest,3,1,1,1
flashscore_fhg,N1,2025,2025-12-13,groningen,fc volendam,3,0,1,0
flashscore_fhg,N1,2025,2025-12-13,psv,heracles,4,3,1,3
flashscore_fhg,N1,2025,2025-12-13,telstar,nijmegen,2,2,0,2
flashscore_fhg,N1,2025,2025-12-13,zwolle,sittard,1,0,1,0
flashscore_fhg,P1,2025,2025-12-13,casa pia,gil vicente,1,1,0,1
flashscore_fhg,P1,2025,2025-12-13,rio ave,vitoria guimaraes,0,1,2,1
flashscore_fhg,P1,2025,2025-12-13,sporting cp,afs,6,0,1,0
flashscore_fhg,RO1,2025,2025-12-13,fc arges,fc botosani,0,0,0,0
flashscore_fhg,RO1,2025,2025-12-13,fc rapid bucuresti,otelul,0,2,2,2
flashscore_fhg,SP1,2025,2025-12-13,atl. madrid,valencia,2,1,1,1
flashscore_fhg,SP1,2025,2025-12-13,barcelona,osasuna,2,0,1,0
flashscore_fhg,SP1,2025,2025-12-13,getafe,espanyol,0,1,2,1
flashscore_fhg,SP1,2025,2025-12-13,mallorca,elche,3,1,1,1
flashscore_fhg,D1,2025,2025-12-14,bayern munich,mainz,2,2,0,2
flashscore_fhg,D1,2025,2025-12-14,freiburg,dortmund,1,1,0,1
flashscore_fhg,D1,2025,2025-12-14,werder bremen,stuttgart,0,4,2,4
flashscore_fhg,F1,2025,2025-12-14,auxerre,lille,3,4,2,4
flashscore_fhg,F1,2025,2025-12-14,lens,nice,2,0,1,0
flashscore_fhg,F1,2025,2025-12-14,lyon,le havre,1,0,1,0
flashscore_fhg,F1,2025,2025-12-14,marseille,monaco,1,0,1,0
flashscore_fhg,F1,2025,2025-12-14,strasbourg,lorient,0,0,0,0
flashscore_fhg,N1,2025,2025-12-14,ajax,feyenoord,2,0,1,0
flashscore_fhg,N1,2025,2025-12-14,nac breda,utrecht,1,1,0,1
flashscore_fhg,N1,2025,2025-12-14,sparta rotterdam,heerenveen,0,3,2,3
flashscore_fhg,N1,2025,2025-12-14,twente,g.a. eagles,2,0,1,0
flashscore_fhg,P1,2025,2025-12-14,arouca,alverca,1,0,1,0
flashscore_fhg,P1,2025,2025-12-14,famalicao,estoril,4,0,1,0
flashscore_fhg,P1,2025,2025-12-14,moreirense,benfica,0,4,2,4
flashscore_fhg,RO1,2025,2025-12-14,din. bucuresti,metaloglobus bucharest,4,0,1,0
flashscore_fhg,RO1,2025,2025-12-14,fc hermannstadt,univ. craiova,0,2,2,2
flashscore_fhg,RO1,2025,2025-12-14,petrolul,u. cluj,0,1,2,1
flashscore_fhg,SP1,2025,2025-12-14,alaves,real madrid,1,2,2,2
flashscore_fhg,SP1,2025,2025-12-14,celta vigo,ath bilbao,2,0,1,0
flashscore_fhg,SP1,2025,2025-12-14,sevilla,oviedo,4,0,1,0
flashscore_fhg,P1,2025,2025-12-15,braga,santa clara,1,0,1,0
flashscore_fhg,P1,2025,2025-12-15,fc porto,estrela,3,1,1,1
flashscore_fhg,P1,2025,2025-12-15,nacional,tondela,3,1,1,1
flashscore_fhg,RO1,2025,2025-12-15,farul constanta,uta arad,1,1,0,1
flashscore_fhg,RO1,2025,2025-12-15,unirea slobozia,fcsb,0,2,2,2
flashscore_fhg,SP1,2025,2025-12-15,rayo vallecano,betis,0,0,0,0
flashscore_fhg,D1,2025,2025-12-19,dortmund,b. monchengladbach,2,0,1,0
flashscore_fhg,P1,2025,2025-12-19,estoril,braga,1,0,1,0
flashscore_fhg,RO1,2025,2025-12-19,fc botosani,cfr cluj,0,1,2,1
flashscore_fhg,SP1,2025,2025-12-19,valencia,mallorca,1,1,0,1
flashscore_fhg,D1,2025,2025-12-20,augsburg,werder bremen,0,0,0,0
flashscore_fhg,D1,2025,2025-12-20,fc koln,union berlin,0,1,2,1
flashscore_fhg,D1,2025,2025-12-20,hamburger sv,eintracht frankfurt,1,1,0,1
flashscore_fhg,D1,2025,2025-12-20,rb leipzig,bayer leverkusen,1,3,2,3
flashscore_fhg,D1,2025,2025-12-20,stuttgart,hoffenheim,0,0,0,0
flashscore_fhg,D1,2025,2025-12-20,wolfsburg,freiburg,3,4,2,4
flashscore_fhg,N1,2025,2025-12-20,excelsior,zwolle,2,1,1,1
flashscore_fhg,N1,2025,2025-12-20,heracles,heerenveen,0,3,2,3
flashscore_fhg,N1,2025,2025-12-20,nac breda,telstar,0,1,2,1
flashscore_fhg,N1,2025,2025-12-20,nijmegen,ajax,2,2,0,2
flashscore_fhg,P1,2025,2025-12-20,estrela,moreirense,0,0,0,0
flashscore_fhg,P1,2025,2025-12-20,gil vicente,rio ave,2,2,0,2
flashscore_fhg,RO1,2025,2025-12-20,metaloglobus bucharest,unirea slobozia,2,3,2,3
flashscore_fhg,RO1,2025,2025-12-20,otelul,fc arges,2,1,1,1
flashscore_fhg,RO1,2025,2025-12-20,uta arad,din. bucuresti,2,0,1,0
flashscore_fhg,SP1,2025,2025-12-20,levante,real sociedad,1,1,0,1
flashscore_fhg,SP1,2025,2025-12-20,osasuna,alaves,3,0,1,0
flashscore_fhg,SP1,2025,2025-12-20,oviedo,celta vigo,0,0,0,0
flashscore_fhg,SP1,2025,2025-12-20,real madrid,sevilla,2,0,1,0
flashscore_fhg,D1,2025,2025-12-21,heidenheim,bayern munich,0,4,2,4
flashscore_fhg,D1,2025,2025-12-21,mainz,st. pauli,0,0,0,0
flashscore_fhg,N1,2025,2025-12-21,fc volendam,sparta rotterdam,0,1,2,1
flashscore_fhg,N1,2025,2025-12-21,feyenoord,twente,1,1,0,1
flashscore_fhg,N1,2025,2025-12-21,g.a. eagles,groningen,1,1,0,1
flashscore_fhg,N1,2025,2025-12-21,sittard,az alkmaar,4,3,1,3
flashscore_fhg,N1,2025,2025-12-21,utrecht,psv,1,2,2,2
flashscore_fhg,P1,2025,2025-12-21,afs,nacional,2,2,0,2
flashscore_fhg,P1,2025,2025-12-21,santa clara,arouca,0,0,0,0
flashscore_fhg,P1,2025,2025-12-21,tondela,casa pia,1,2,2,2
flashscore_fhg,RO1,2025,2025-12-21,fc hermannstadt,petrolul,1,1,0,1
flashscore_fhg,RO1,2025,2025-12-21,fcsb,fc rapid bucuresti,2,1,1,1
flashscore_fhg,RO1,2025,2025-12-21,u. cluj,farul constanta,1,0,1,0
flashscore_fhg,SP1,2025,2025-12-21,betis,getafe,4,0,1,0
flashscore_fhg,SP1,2025,2025-12-21,elche,rayo vallecano,4,0,1,0
flashscore_fhg,SP1,2025,2025-12-21,girona,atl. madrid,0,3,2,3
flashscore_fhg,SP1,2025,2025-12-21,villarreal,barcelona,0,2,2,2
flashscore_fhg,E0,2025,2025-12-22,fulham,nottingham,1,0,1,0
flashscore_fhg,P1,2025,2025-12-22,alverca,fc porto,0,3,2,3
flashscore_fhg,P1,2025,2025-12-22,benfica,famalicao,1,0,1,0
flashscore_fhg,RO1,2025,2025-12-22,univ. craiova,csikszereda m. ciuc,5,0,1,0
flashscore_fhg,SP1,2025,2025-12-22,ath bilbao,espanyol,1,2,2,2
flashscore_fhg,P1,2025,2025-12-23,vitoria guimaraes,sporting cp,1,4,2,4
flashscore_fhg,E0,2025,2025-12-26,manchester utd,newcastle,1,0,1,0
flashscore_fhg,E0,2025,2025-12-27,arsenal,brighton,2,1,1,1
flashscore_fhg,E0,2025,2025-12-27,brentford,bournemouth,4,1,1,1
flashscore_fhg,E0,2025,2025-12-27,burnley,everton,0,0,0,0
flashscore_fhg,E0,2025,2025-12-27,chelsea,aston villa,1,2,2,2
flashscore_fhg,E0,2025,2025-12-27,liverpool,wolves,2,1,1,1
flashscore_fhg,E0,2025,2025-12-27,nottingham,manchester city,1,2,2,2
flashscore_fhg,E0,2025,2025-12-27,west ham,fulham,0,1,2,1
flashscore_fhg,P1,2025,2025-12-27,estoril,alverca,4,1,1,1
flashscore_fhg,P1,2025,2025-12-27,famalicao,estrela,2,3,2,3
flashscore_fhg,E0,2025,2025-12-28,crystal palace,tottenham,0,1,2,1
flashscore_fhg,E0,2025,2025-12-28,sunderland,leeds,1,1,0,1
flashscore_fhg,I1,2025,2025-12-28,ac milan,verona,3,0,1,0
flashscore_fhg,I1,2025,2025-12-28,atalanta,inter,0,1,2,1
flashscore_fhg,I1,2025,2025-12-28,bologna,sassuolo,1,1,0,1
flashscore_fhg,I1,2025,2025-12-28,cremonese,napoli,0,2,2,2
flashscore_fhg,P1,2025,2025-12-28,arouca,gil vicente,2,2,0,2
flashscore_fhg,P1,2025,2025-12-28,braga,benfica,2,2,0,2
flashscore_fhg,P1,2025,2025-12-28,casa pia,vitoria guimaraes,0,0,0,0
flashscore_fhg,P1,2025,2025-12-28,sporting cp,rio ave,4,0,1,0
flashscore_fhg,I1,2025,2025-12-29,as roma,genoa,3,1,1,1
flashscore_fhg,P1,2025,2025-12-29,fc porto,afs,2,0,1,0
flashscore_fhg,E0,2025,2025-12-30,arsenal,aston villa,4,1,1,1
flashscore_fhg,E0,2025,2025-12-30,burnley,newcastle,1,3,2,3
flashscore_fhg,E0,2025,2025-12-30,chelsea,bournemouth,2,2,0,2
flashscore_fhg,E0,2025,2025-12-30,manchester utd,wolves,1,1,0,1
flashscore_fhg,E0,2025,2025-12-30,nottingham,everton,0,2,2,2
flashscore_fhg,E0,2025,2025-12-30,west ham,brighton,2,2,0,2
flashscore_fhg,E0,2025,2026-01-01,brentford,tottenham,0,0,0,0
flashscore_fhg,E0,2025,2026-01-01,crystal palace,fulham,1,1,0,1
flashscore_fhg,E0,2025,2026-01-01,liverpool,leeds,0,0,0,0
flashscore_fhg,E0,2025,2026-01-01,sunderland,manchester city,0,0,0,0
flashscore_fhg,F1,2025,2026-01-02,toulouse,lens,0,3,2,3
flashscore_fhg,I1,2025,2026-01-02,cagliari,ac milan,0,1,2,1
flashscore_fhg,P1,2025,2026-01-02,gil vicente,sporting cp,1,1,0,1
flashscore_fhg,P1,2025,2026-01-02,vitoria guimaraes,nacional,2,1,1,1
flashscore_fhg,SP1,2025,2026-01-02,rayo vallecano,getafe,1,1,0,1
flashscore_fhg,E0,2025,2026-01-03,aston villa,nottingham,3,1,1,1
flashscore_fhg,E0,2025,2026-01-03,bournemouth,arsenal,2,3,2,3
flashscore_fhg,E0,2025,2026-01-03,brighton,burnley,2,0,1,0
flashscore_fhg,E0,2025,2026-01-03,wolves,west ham,3,0,1,0
flashscore_fhg,F1,2025,2026-01-03,lille,rennes,0,2,2,2
flashscore_fhg,F1,2025,2026-01-03,monaco,lyon,1,3,2,3
flashscore_fhg,F1,2025,2026-01-03,nice,strasbourg,1,1,0,1
flashscore_fhg,I1,2025,2026-01-03,atalanta,as roma,1,0,1,0
flashscore_fhg,I1,2025,2026-01-03,como,udinese,1,0,1,0
flashscore_fhg,I1,2025,2026-01-03,genoa,pisa,1,1,0,1
flashscore_fhg,I1,2025,2026-01-03,juventus,lecce,1,1,0,1
flashscore_fhg,I1,2025,2026-01-03,sassuolo,parma,1,1,0,1
flashscore_fhg,P1,2025,2026-01-03,afs,moreirense,0,2,2,2
flashscore_fhg,P1,2025,2026-01-03,benfica,estoril,3,1,1,1
flashscore_fhg,P1,2025,2026-01-03,estrela,braga,3,3,0,3
flashscore_fhg,P1,2025,2026-01-03,tondela,arouca,3,1,1,1
flashscore_fhg,SP1,2025,2026-01-03,celta vigo,valencia,4,1,1,1
flashscore_fhg,SP1,2025,2026-01-03,elche,villarreal,1,3,2,3
flashscore_fhg,SP1,2025,2026-01-03,espanyol,barcelona,0,2,2,2
flashscore_fhg,SP1,2025,2026-01-03,osasuna,ath bilbao,1,1,0,1
flashscore_fhg,E0,2025,2026-01-04,everton,brentford,2,4,2,4
flashscore_fhg,E0,2025,2026-01-04,fulham,liverpool,2,2,0,2
flashscore_fhg,E0,2025,2026-01-04,leeds,manchester utd,1,1,0,1
flashscore_fhg,E0,2025,2026-01-04,manchester city,chelsea,1,1,0,1
flashscore_fhg,E0,2025,2026-01-04,newcastle,crystal palace,2,0,1,0
flashscore_fhg,E0,2025,2026-01-04,tottenham,sunderland,1,1,0,1
flashscore_fhg,F1,2025,2026-01-04,brest,auxerre,2,0,1,0
flashscore_fhg,F1,2025,2026-01-04,le havre,angers,2,1,1,1
flashscore_fhg,F1,2025,2026-01-04,lorient,metz,1,1,0,1
flashscore_fhg,F1,2025,2026-01-04,marseille,nantes,0,2,2,2
flashscore_fhg,F1,2025,2026-01-04,psg,paris fc,2,1,1,1
flashscore_fhg,I1,2025,2026-01-04,fiorentina,cremonese,1,0,1,0
flashscore_fhg,I1,2025,2026-01-04,inter,bologna,3,1,1,1
flashscore_fhg,I1,2025,2026-01-04,lazio,napoli,0,2,2,2
flashscore_fhg,I1,2025,2026-01-04,verona,torino,0,3,2,3
flashscore_fhg,P1,2025,2026-01-04,alverca,famalicao,1,0,1,0
flashscore_fhg,P1,2025,2026-01-04,rio ave,casa pia,3,1,1,1
flashscore_fhg,P1,2025,2026-01-04,santa clara,fc porto,0,1,2,1
flashscore_fhg,SP1,2025,2026-01-04,alaves,oviedo,1,1,0,1
flashscore_fhg,SP1,2025,2026-01-04,mallorca,girona,1,2,2,2
flashscore_fhg,SP1,2025,2026-01-04,real madrid,betis,5,1,1,1
flashscore_fhg,SP1,2025,2026-01-04,real sociedad,atl. madrid,1,1,0,1
flashscore_fhg,SP1,2025,2026-01-04,sevilla,levante,0,3,2,3
flashscore_fhg,E1,2025,2026-01-05,leicester,west brom,2,1,1,1
flashscore_fhg,E0,2025,2026-01-06,west ham,nottingham,1,2,2,2
flashscore_fhg,I1,2025,2026-01-06,lecce,as roma,0,2,2,2
flashscore_fhg,I1,2025,2026-01-06,pisa,como,0,3,2,3
flashscore_fhg,I1,2025,2026-01-06,sassuolo,juventus,0,3,2,3
flashscore_fhg,E0,2025,2026-01-07,bournemouth,tottenham,3,2,1,2
flashscore_fhg,E0,2025,2026-01-07,brentford,sunderland,3,0,1,0
flashscore_fhg,E0,2025,2026-01-07,burnley,manchester utd,2,2,0,2
flashscore_fhg,E0,2025,2026-01-07,crystal palace,aston villa,0,0,0,0
flashscore_fhg,E0,2025,2026-01-07,everton,wolves,1,1,0,1
flashscore_fhg,E0,2025,2026-01-07,fulham,chelsea,2,1,1,1
flashscore_fhg,E0,2025,2026-01-07,manchester city,brighton,1,1,0,1
flashscore_fhg,E0,2025,2026-01-07,newcastle,leeds,4,3,1,3
flashscore_fhg,I1,2025,2026-01-07,bologna,atalanta,0,2,2,2
flashscore_fhg,I1,2025,2026-01-07,lazio,fiorentina,2,2,0,2
flashscore_fhg,I1,2025,2026-01-07,napoli,verona,2,2,0,2
flashscore_fhg,I1,2025,2026-01-07,parma,inter,0,2,2,2
flashscore_fhg,I1,2025,2026-01-07,torino,udinese,1,2,2,2
flashscore_fhg,E0,2025,2026-01-08,arsenal,liverpool,0,0,0,0
flashscore_fhg,I1,2025,2026-01-08,ac milan,genoa,1,1,0,1
flashscore_fhg,I1,2025,2026-01-08,cremonese,cagliari,2,2,0,2
flashscore_fhg,D1,2025,2026-01-09,eintracht frankfurt,dortmund,3,3,0,3
flashscore_fhg,SA1,2025,2026-01-09,al khaleej,damac,4,0,1,0
flashscore_fhg,SA1,2025,2026-01-09,al kholood,al ittihad,0,4,2,4
flashscore_fhg,SA1,2025,2026-01-09,al taawon,al shabab,2,0,1,0
flashscore_fhg,SP1,2025,2026-01-09,getafe,real sociedad,1,2,2,2
flashscore_fhg,D1,2025,2026-01-10,bayer leverkusen,stuttgart,1,4,2,4
flashscore_fhg,D1,2025,2026-01-10,freiburg,hamburger sv,2,1,1,1
flashscore_fhg,D1,2025,2026-01-10,heidenheim,fc koln,2,2,0,2
flashscore_fhg,D1,2025,2026-01-10,union berlin,mainz,2,2,0,2
flashscore_fhg,I1,2025,2026-01-10,as roma,sassuolo,2,0,1,0
flashscore_fhg,I1,2025,2026-01-10,atalanta,torino,2,0,1,0
flashscore_fhg,I1,2025,2026-01-10,como,bologna,1,1,0,1
flashscore_fhg,I1,2025,2026-01-10,udinese,pisa,2,2,0,2
flashscore_fhg,N1,2025,2026-01-10,az alkmaar,fc volendam,1,0,1,0
flashscore_fhg,N1,2025,2026-01-10,groningen,nac breda,0,0,0,0
flashscore_fhg,N1,2025,2026-01-10,psv,excelsior,5,1,1,1
flashscore_fhg,N1,2025,2026-01-10,twente,zwolle,1,1,0,1
flashscore_fhg,SA1,2025,2026-01-10,al okhdood,al ahli sc,0,1,2,1
flashscore_fhg,SA1,2025,2026-01-10,al riyadh,al fayha,1,1,0,1
flashscore_fhg,SA1,2025,2026-01-10,neom sc,al fateh,0,1,2,1
flashscore_fhg,SP1,2025,2026-01-10,girona,osasuna,1,0,1,0
flashscore_fhg,SP1,2025,2026-01-10,oviedo,betis,1,1,0,1
flashscore_fhg,SP1,2025,2026-01-10,valencia,elche,1,1,0,1
flashscore_fhg,SP1,2025,2026-01-10,villarreal,alaves,3,1,1,1
flashscore_fhg,D1,2025,2026-01-11,b. monchengladbach,augsburg,4,0,1,0
flashscore_fhg,D1,2025,2026-01-11,bayern munich,wolfsburg,8,1,1,1
flashscore_fhg,I1,2025,2026-01-11,fiorentina,ac milan,1,1,0,1
flashscore_fhg,I1,2025,2026-01-11,inter,napoli,2,2,0,2
flashscore_fhg,I1,2025,2026-01-11,lecce,parma,1,2,2,2
flashscore_fhg,I1,2025,2026-01-11,verona,lazio,0,1,2,1
flashscore_fhg,N1,2025,2026-01-11,g.a. eagles,sittard,2,2,0,2
flashscore_fhg,N1,2025,2026-01-11,heerenveen,feyenoord,2,2,0,2
flashscore_fhg,N1,2025,2026-01-11,sparta rotterdam,heracles,2,0,1,0
flashscore_fhg,N1,2025,2026-01-11,telstar,ajax,2,3,2,3
flashscore_fhg,P1,2025,2026-01-11,moreirense,tondela,1,0,1,0
flashscore_fhg,P1,2025,2026-01-11,nacional,santa clara,3,3,0,3
flashscore_fhg,SP1,2025,2026-01-11,levante,espanyol,1,1,0,1
flashscore_fhg,SP1,2025,2026-01-11,rayo vallecano,mallorca,2,1,1,1
flashscore_fhg,I1,2025,2026-01-12,genoa,cagliari,3,0,1,0
flashscore_fhg,I1,2025,2026-01-12,juventus,cremonese,5,0,1,0
flashscore_fhg,SA1,2025,2026-01-12,al ettifaq,al khaleej,1,2,2,2
flashscore_fhg,SA1,2025,2026-01-12,al hazem,al najma,3,2,1,2
flashscore_fhg,SA1,2025,2026-01-12,al hilal,al nassr,3,1,1,1
flashscore_fhg,SP1,2025,2026-01-12,sevilla,celta vigo,0,1,2,1
flashscore_fhg,D1,2025,2026-01-13,dortmund,werder bremen,3,0,1,0
flashscore_fhg,D1,2025,2026-01-13,mainz,heidenheim,2,1,1,1
flashscore_fhg,D1,2025,2026-01-13,stuttgart,eintracht frankfurt,3,2,1,2
flashscore_fhg,SA1,2025,2026-01-13,al fateh,al riyadh,3,1,1,1
flashscore_fhg,SA1,2025,2026-01-13,al okhdood,al kholood,1,0,1,0
flashscore_fhg,SA1,2025,2026-01-13,damac,al ittihad,1,1,0,1
flashscore_fhg,D1,2025,2026-01-14,fc koln,bayern munich,1,3,2,3
flashscore_fhg,D1,2025,2026-01-14,hoffenheim,b. monchengladbach,5,1,1,1
flashscore_fhg,D1,2025,2026-01-14,rb leipzig,freiburg,2,0,1,0
flashscore_fhg,D1,2025,2026-01-14,wolfsburg,st. pauli,2,1,1,1
flashscore_fhg,I1,2025,2026-01-14,inter,lecce,1,0,1,0
flashscore_fhg,I1,2025,2026-01-14,napoli,parma,0,0,0,0
flashscore_fhg,SA1,2025,2026-01-14,al ahli sc,al taawon,2,1,1,1
flashscore_fhg,SA1,2025,2026-01-14,al qadsiah,al fayha,5,0,1,0
flashscore_fhg,SA1,2025,2026-01-14,al shabab,neom sc,3,2,1,2
flashscore_fhg,D1,2025,2026-01-15,augsburg,union berlin,1,1,0,1
flashscore_fhg,I1,2025,2026-01-15,como,ac milan,1,3,2,3
flashscore_fhg,I1,2025,2026-01-15,verona,bologna,2,3,2,3
flashscore_fhg,D1,2025,2026-01-16,werder bremen,eintracht frankfurt,3,3,0,3
flashscore_fhg,E1,2025,2026-01-16,west brom,middlesbrough,2,3,2,3
flashscore_fhg,F1,2025,2026-01-16,monaco,lorient,1,3,2,3
flashscore_fhg,F1,2025,2026-01-16,psg,lille,3,0,1,0
flashscore_fhg,I1,2025,2026-01-16,pisa,atalanta,1,1,0,1
flashscore_fhg,P1,2025,2026-01-16,sporting cp,casa pia,3,0,1,0
flashscore_fhg,RO1,2025,2026-01-16,fc arges,fcsb,1,0,1,0
flashscore_fhg,SA1,2025,2026-01-16,al ittihad,al ettifaq,0,1,2,1
flashscore_fhg,SA1,2025,2026-01-16,al khaleej,al okhdood,4,1,1,1
flashscore_fhg,SA1,2025,2026-01-16,al najma,al fateh,1,1,0,1
flashscore_fhg,SP1,2025,2026-01-16,espanyol,girona,0,2,2,2
flashscore_fhg,D1,2025,2026-01-17,dortmund,st. pauli,3,2,1,2
flashscore_fhg,D1,2025,2026-01-17,fc koln,mainz,2,1,1,1
flashscore_fhg,D1,2025,2026-01-17,hamburger sv,b. monchengladbach,0,0,0,0
flashscore_fhg,D1,2025,2026-01-17,hoffenheim,bayer leverkusen,1,0,1,0
flashscore_fhg,D1,2025,2026-01-17,rb leipzig,bayern munich,1,5,2,5
flashscore_fhg,D1,2025,2026-01-17,wolfsburg,heidenheim,1,1,0,1
flashscore_fhg,E0,2025,2026-01-17,chelsea,brentford,2,0,1,0
flashscore_fhg,E0,2025,2026-01-17,leeds,fulham,1,0,1,0
flashscore_fhg,E0,2025,2026-01-17,liverpool,burnley,1,1,0,1
flashscore_fhg,E0,2025,2026-01-17,manchester utd,manchester city,2,0,1,0
flashscore_fhg,E0,2025,2026-01-17,nottingham,arsenal,0,0,0,0
flashscore_fhg,E0,2025,2026-01-17,sunderland,crystal palace,2,1,1,1
flashscore_fhg,E0,2025,2026-01-17,tottenham,west ham,1,2,2,2
flashscore_fhg,E1,2025,2026-01-17,charlton,sheffield utd,1,0,1,0
flashscore_fhg,E1,2025,2026-01-17,coventry,leicester,2,1,1,1
flashscore_fhg,E1,2025,2026-01-17,ipswich,blackburn,3,0,1,0
flashscore_fhg,E1,2025,2026-01-17,oxford utd,bristol city,0,0,0,0
flashscore_fhg,E1,2025,2026-01-17,preston,derby,0,1,2,1
flashscore_fhg,E1,2025,2026-01-17,sheffield wed,portsmouth,0,1,2,1
flashscore_fhg,E1,2025,2026-01-17,southampton,hull,1,2,2,2
flashscore_fhg,E1,2025,2026-01-17,stoke,qpr,0,0,0,0
flashscore_fhg,E1,2025,2026-01-17,swansea,birmingham,1,1,0,1
flashscore_fhg,E1,2025,2026-01-17,watford,millwall,0,2,2,2
flashscore_fhg,E1,2025,2026-01-17,wrexham,norwich,1,2,2,2
flashscore_fhg,F1,2025,2026-01-17,angers,marseille,2,5,2,5
flashscore_fhg,F1,2025,2026-01-17,lens,auxerre,1,0,1,0
flashscore_fhg,F1,2025,2026-01-17,toulouse,nice,5,1,1,1
flashscore_fhg,I1,2025,2026-01-17,cagliari,juventus,1,0,1,0
flashscore_fhg,I1,2025,2026-01-17,napoli,sassuolo,1,0,1,0
flashscore_fhg,I1,2025,2026-01-17,udinese,inter,0,1,2,1
flashscore_fhg,N1,2025,2026-01-17,ajax,g.a. eagles,2,2,0,2
flashscore_fhg,N1,2025,2026-01-17,excelsior,telstar,2,2,0,2
flashscore_fhg,N1,2025,2026-01-17,nac breda,nijmegen,3,4,2,4
flashscore_fhg,N1,2025,2026-01-17,sittard,psv,1,2,2,2
flashscore_fhg,N1,2025,2026-01-17,zwolle,az alkmaar,3,1,1,1
flashscore_fhg,P1,2025,2026-01-17,afs,arouca,0,1,2,1
flashscore_fhg,P1,2025,2026-01-17,alverca,moreirense,2,1,1,1
flashscore_fhg,P1,2025,2026-01-17,gil vicente,nacional,2,1,1,1
flashscore_fhg,P1,2025,2026-01-17,rio ave,benfica,0,2,2,2
flashscore_fhg,RO1,2025,2026-01-17,farul constanta,fc hermannstadt,1,1,0,1
flashscore_fhg,RO1,2025,2026-01-17,fc rapid bucuresti,metaloglobus bucharest,1,0,1,0
flashscore_fhg,RO1,2025,2026-01-17,unirea slobozia,uta arad,1,3,2,3
flashscore_fhg,SA1,2025,2026-01-17,al fayha,damac,1,1,0,1
flashscore_fhg,SA1,2025,2026-01-17,al kholood,al ahli sc,0,1,2,1
flashscore_fhg,SA1,2025,2026-01-17,al nassr,al shabab,3,2,1,2
flashscore_fhg,SP1,2025,2026-01-17,betis,villarreal,2,0,1,0
flashscore_fhg,SP1,2025,2026-01-17,mallorca,ath bilbao,3,2,1,2
flashscore_fhg,SP1,2025,2026-01-17,osasuna,oviedo,3,2,1,2
flashscore_fhg,SP1,2025,2026-01-17,real madrid,levante,2,0,1,0
flashscore_fhg,D1,2025,2026-01-18,augsburg,freiburg,2,2,0,2
flashscore_fhg,D1,2025,2026-01-18,stuttgart,union berlin,1,1,0,1
flashscore_fhg,E0,2025,2026-01-18,aston villa,everton,0,1,2,1
flashscore_fhg,E0,2025,2026-01-18,wolves,newcastle,0,0,0,0
flashscore_fhg,F1,2025,2026-01-18,lyon,brest,2,1,1,1
flashscore_fhg,F1,2025,2026-01-18,nantes,paris fc,1,2,2,2
flashscore_fhg,F1,2025,2026-01-18,rennes,le havre,1,1,0,1
flashscore_fhg,F1,2025,2026-01-18,strasbourg,metz,2,1,1,1
flashscore_fhg,I1,2025,2026-01-18,ac milan,lecce,1,0,1,0
flashscore_fhg,I1,2025,2026-01-18,bologna,fiorentina,1,2,2,2
flashscore_fhg,I1,2025,2026-01-18,parma,genoa,0,0,0,0
flashscore_fhg,I1,2025,2026-01-18,torino,as roma,0,2,2,2
flashscore_fhg,N1,2025,2026-01-18,fc volendam,utrecht,2,1,1,1
flashscore_fhg,N1,2025,2026-01-18,feyenoord,sparta rotterdam,3,4,2,4
flashscore_fhg,N1,2025,2026-01-18,heerenveen,groningen,0,2,2,2
flashscore_fhg,N1,2025,2026-01-18,heracles,twente,0,2,2,2
flashscore_fhg,P1,2025,2026-01-18,santa clara,famalicao,0,1,2,1
flashscore_fhg,P1,2025,2026-01-18,tondela,braga,0,1,2,1
flashscore_fhg,P1,2025,2026-01-18,vitoria guimaraes,fc porto,0,1,2,1
flashscore_fhg,RO1,2025,2026-01-18,cfr cluj,otelul,1,0,1,0
flashscore_fhg,RO1,2025,2026-01-18,csikszereda m. ciuc,fc botosani,1,0,1,0
flashscore_fhg,RO1,2025,2026-01-18,din. bucuresti,u. cluj,1,0,1,0
flashscore_fhg,SA1,2025,2026-01-18,al hazem,al qadsiah,1,5,2,5
flashscore_fhg,SA1,2025,2026-01-18,al riyadh,al taawon,1,3,2,3
flashscore_fhg,SA1,2025,2026-01-18,neom sc,al hilal,1,2,2,2
flashscore_fhg,SP1,2025,2026-01-18,atl. madrid,alaves,1,0,1,0
flashscore_fhg,SP1,2025,2026-01-18,celta vigo,rayo vallecano,3,0,1,0
flashscore_fhg,SP1,2025,2026-01-18,getafe,valencia,0,1,2,1
flashscore_fhg,SP1,2025,2026-01-18,real sociedad,barcelona,2,1,1,1
flashscore_fhg,E0,2025,2026-01-19,brighton,bournemouth,1,1,0,1
flashscore_fhg,I1,2025,2026-01-19,cremonese,verona,0,0,0,0
flashscore_fhg,I1,2025,2026-01-19,lazio,como,0,3,2,3
flashscore_fhg,P1,2025,2026-01-19,estrela,estoril,0,5,2,5
flashscore_fhg,RO1,2025,2026-01-19,petrolul,univ. craiova,0,4,2,4
flashscore_fhg,SP1,2025,2026-01-19,elche,sevilla,2,2,0,2
flashscore_fhg,E1,2025,2026-01-20,charlton,derby,1,2,2,2
flashscore_fhg,E1,2025,2026-01-20,coventry,millwall,2,1,1,1
flashscore_fhg,E1,2025,2026-01-20,ipswich,bristol city,2,0,1,0
flashscore_fhg,E1,2025,2026-01-20,oxford utd,qpr,0,0,0,0
flashscore_fhg,E1,2025,2026-01-20,preston,hull,0,3,2,3
flashscore_fhg,E1,2025,2026-01-20,sheffield wed,birmingham,0,2,2,2
flashscore_fhg,E1,2025,2026-01-20,swansea,blackburn,3,1,1,1
flashscore_fhg,E1,2025,2026-01-20,west brom,norwich,0,5,2,5
flashscore_fhg,E1,2025,2026-01-20,wrexham,leicester,1,1,0,1
flashscore_fhg,SA1,2025,2026-01-20,al ahli sc,al khaleej,4,1,1,1
flashscore_fhg,SA1,2025,2026-01-20,al fateh,al kholood,2,5,2,5
flashscore_fhg,SA1,2025,2026-01-20,al shabab,al najma,0,0,0,0
flashscore_fhg,E1,2025,2026-01-21,southampton,sheffield utd,1,0,1,0
flashscore_fhg,E1,2025,2026-01-21,stoke,middlesbrough,1,2,2,2
flashscore_fhg,E1,2025,2026-01-21,watford,portsmouth,1,1,0,1
flashscore_fhg,N1,2025,2026-01-21,az alkmaar,excelsior,1,1,0,1
flashscore_fhg,SA1,2025,2026-01-21,al ettifaq,neom sc,0,0,0,0
flashscore_fhg,SA1,2025,2026-01-21,al okhdood,al riyadh,2,2,0,2
flashscore_fhg,SA1,2025,2026-01-21,damac,al nassr,1,2,2,2
flashscore_fhg,SA1,2025,2026-01-22,al hilal,al fayha,4,1,1,1
flashscore_fhg,SA1,2025,2026-01-22,al qadsiah,al ittihad,2,1,1,1
flashscore_fhg,SA1,2025,2026-01-22,al taawon,al hazem,2,2,0,2
flashscore_fhg,D1,2025,2026-01-23,st. pauli,hamburger sv,0,0,0,0
flashscore_fhg,E1,2025,2026-01-23,derby,west brom,1,1,0,1
flashscore_fhg,F1,2025,2026-01-23,auxerre,psg,0,1,2,1
flashscore_fhg,I1,2025,2026-01-23,inter,pisa,6,2,1,2
flashscore_fhg,P1,2025,2026-01-23,casa pia,afs,3,3,0,3
flashscore_fhg,RO1,2025,2026-01-23,fc hermannstadt,din. bucuresti,1,2,2,2
flashscore_fhg,RO1,2025,2026-01-23,metaloglobus bucharest,fc arges,0,2,2,2
flashscore_fhg,SP1,2025,2026-01-23,levante,elche,3,2,1,2
flashscore_fhg,D1,2025,2026-01-24,bayer leverkusen,werder bremen,1,0,1,0
flashscore_fhg,D1,2025,2026-01-24,bayern munich,augsburg,1,2,2,2
flashscore_fhg,D1,2025,2026-01-24,eintracht frankfurt,hoffenheim,1,3,2,3
flashscore_fhg,D1,2025,2026-01-24,heidenheim,rb leipzig,0,3,2,3
flashscore_fhg,D1,2025,2026-01-24,mainz,wolfsburg,3,1,1,1
flashscore_fhg,D1,2025,2026-01-24,union berlin,dortmund,0,3,2,3
flashscore_fhg,E0,2025,2026-01-24,bournemouth,liverpool,3,2,1,2
flashscore_fhg,E0,2025,2026-01-24,burnley,tottenham,2,2,0,2
flashscore_fhg,E0,2025,2026-01-24,fulham,brighton,2,1,1,1
flashscore_fhg,E0,2025,2026-01-24,manchester city,wolves,2,0,1,0
flashscore_fhg,E0,2025,2026-01-24,west ham,sunderland,3,1,1,1
flashscore_fhg,E1,2025,2026-01-24,birmingham,stoke,1,1,0,1
flashscore_fhg,E1,2025,2026-01-24,blackburn,watford,1,1,0,1
flashscore_fhg,E1,2025,2026-01-24,bristol city,sheffield wed,2,0,1,0
flashscore_fhg,E1,2025,2026-01-24,hull,swansea,2,1,1,1
flashscore_fhg,E1,2025,2026-01-24,leicester,oxford utd,1,2,2,2
flashscore_fhg,E1,2025,2026-01-24,middlesbrough,preston,4,0,1,0
flashscore_fhg,E1,2025,2026-01-24,millwall,charlton,4,0,1,0
flashscore_fhg,E1,2025,2026-01-24,qpr,wrexham,2,3,2,3
flashscore_fhg,E1,2025,2026-01-24,sheffield utd,ipswich,3,1,1,1
flashscore_fhg,F1,2025,2026-01-24,le havre,monaco,0,0,0,0
flashscore_fhg,F1,2025,2026-01-24,marseille,lens,3,1,1,1
flashscore_fhg,F1,2025,2026-01-24,rennes,lorient,0,2,2,2
flashscore_fhg,I1,2025,2026-01-24,como,torino,6,0,1,0
flashscore_fhg,I1,2025,2026-01-24,fiorentina,cagliari,1,2,2,2
flashscore_fhg,I1,2025,2026-01-24,lecce,lazio,0,0,0,0
flashscore_fhg,N1,2025,2026-01-24,ajax,fc volendam,2,0,1,0
flashscore_fhg,N1,2025,2026-01-24,nijmegen,zwolle,2,1,1,1
flashscore_fhg,N1,2025,2026-01-24,psv,nac breda,2,2,0,2
flashscore_fhg,N1,2025,2026-01-24,twente,excelsior,0,0,0,0
flashscore_fhg,P1,2025,2026-01-24,arouca,sporting cp,1,2,2,2
flashscore_fhg,P1,2025,2026-01-24,estoril,vitoria guimaraes,4,2,1,2
flashscore_fhg,P1,2025,2026-01-24,moreirense,santa clara,1,0,1,0
flashscore_fhg,RO1,2025,2026-01-24,u. cluj,unirea slobozia,1,0,1,0
flashscore_fhg,RO1,2025,2026-01-24,univ. craiova,fc botosani,2,0,1,0
flashscore_fhg,SA1,2025,2026-01-24,al khaleej,al shabab,0,0,0,0
flashscore_fhg,SA1,2025,2026-01-24,al kholood,al ettifaq,1,2,2,2
flashscore_fhg,SA1,2025,2026-01-24,neom sc,al ahli sc,0,3,2,3
flashscore_fhg,SP1,2025,2026-01-24,rayo vallecano,osasuna,1,3,2,3
flashscore_fhg,SP1,2025,2026-01-24,sevilla,ath bilbao,2,1,1,1
flashscore_fhg,SP1,2025,2026-01-24,valencia,espanyol,3,2,1,2
flashscore_fhg,SP1,2025,2026-01-24,villarreal,real madrid,0,2,2,2
flashscore_fhg,D1,2025,2026-01-25,b. monchengladbach,stuttgart,0,3,2,3
flashscore_fhg,D1,2025,2026-01-25,freiburg,fc koln,2,1,1,1
flashscore_fhg,E0,2025,2026-01-25,arsenal,manchester utd,2,3,2,3
flashscore_fhg,E0,2025,2026-01-25,brentford,nottingham,0,2,2,2
flashscore_fhg,E0,2025,2026-01-25,crystal palace,chelsea,1,3,2,3
flashscore_fhg,E0,2025,2026-01-25,newcastle,aston villa,0,2,2,2
flashscore_fhg,E1,2025,2026-01-25,portsmouth,southampton,1,1,0,1
flashscore_fhg,F1,2025,2026-01-25,brest,toulouse,0,2,2,2
flashscore_fhg,F1,2025,2026-01-25,lille,strasbourg,1,4,2,4
flashscore_fhg,F1,2025,2026-01-25,metz,lyon,2,5,2,5
flashscore_fhg,F1,2025,2026-01-25,nantes,nice,1,4,2,4
flashscore_fhg,F1,2025,2026-01-25,paris fc,angers,0,0,0,0
flashscore_fhg,I1,2025,2026-01-25,as roma,ac milan,1,1,0,1
flashscore_fhg,I1,2025,2026-01-25,atalanta,parma,4,0,1,0
flashscore_fhg,I1,2025,2026-01-25,genoa,bologna,3,2,1,2
flashscore_fhg,I1,2025,2026-01-25,juventus,napoli,3,0,1,0
flashscore_fhg,I1,2025,2026-01-25,sassuolo,cremonese,1,0,1,0
flashscore_fhg,N1,2025,2026-01-25,feyenoord,heracles,4,2,1,2
flashscore_fhg,N1,2025,2026-01-25,groningen,sittard,1,2,2,2
flashscore_fhg,N1,2025,2026-01-25,telstar,az alkmaar,0,1,2,1
flashscore_fhg,N1,2025,2026-01-25,utrecht,sparta rotterdam,0,1,2,1
flashscore_fhg,P1,2025,2026-01-25,benfica,estrela,4,0,1,0
flashscore_fhg,P1,2025,2026-01-25,braga,alverca,5,0,1,0
flashscore_fhg,P1,2025,2026-01-25,famalicao,tondela,3,0,1,0
flashscore_fhg,P1,2025,2026-01-25,nacional,rio ave,4,0,1,0
flashscore_fhg,RO1,2025,2026-01-25,fcsb,cfr cluj,1,4,2,4
flashscore_fhg,RO1,2025,2026-01-25,petrolul,farul constanta,0,1,2,1
flashscore_fhg,SA1,2025,2026-01-25,al fayha,al fateh,2,0,1,0
flashscore_fhg,SA1,2025,2026-01-25,al najma,al qadsiah,1,3,2,3
flashscore_fhg,SA1,2025,2026-01-25,al riyadh,al hilal,1,1,0,1
flashscore_fhg,SP1,2025,2026-01-25,alaves,betis,2,1,1,1
flashscore_fhg,SP1,2025,2026-01-25,atl. madrid,mallorca,3,0,1,0
flashscore_fhg,SP1,2025,2026-01-25,barcelona,oviedo,3,0,1,0
flashscore_fhg,SP1,2025,2026-01-25,real sociedad,celta vigo,3,1,1,1
flashscore_fhg,E0,2025,2026-01-26,everton,leeds,1,1,0,1
flashscore_fhg,E1,2025,2026-01-26,norwich,coventry,2,1,1,1
flashscore_fhg,I1,2025,2026-01-26,verona,udinese,1,3,2,3
flashscore_fhg,P1,2025,2026-01-26,fc porto,gil vicente,3,0,1,0
flashscore_fhg,RO1,2025,2026-01-26,otelul,csikszereda m. ciuc,3,0,1,0
flashscore_fhg,RO1,2025,2026-01-26,uta arad,fc rapid bucuresti,1,2,2,2
flashscore_fhg,SA1,2025,2026-01-26,al hazem,damac,2,1,1,1
flashscore_fhg,SA1,2025,2026-01-26,al ittihad,al okhdood,2,1,1,1
flashscore_fhg,SA1,2025,2026-01-26,al nassr,al taawon,1,0,1,0
flashscore_fhg,SP1,2025,2026-01-26,girona,getafe,1,1,0,1
flashscore_fhg,D1,2025,2026-01-27,st. pauli,rb leipzig,1,1,0,1
flashscore_fhg,D1,2025,2026-01-27,werder bremen,hoffenheim,0,2,2,2
flashscore_fhg,SA1,2025,2026-01-28,al ahli sc,al ettifaq,4,0,1,0
flashscore_fhg,SA1,2025,2026-01-28,al fayha,al khaleej,3,1,1,1
flashscore_fhg,SA1,2025,2026-01-28,al najma,al riyadh,1,1,0,1
flashscore_fhg,SA1,2025,2026-01-29,al fateh,al ittihad,2,2,0,2
flashscore_fhg,SA1,2025,2026-01-29,al hazem,al shabab,0,4,2,4
flashscore_fhg,SA1,2025,2026-01-29,al qadsiah,al hilal,2,2,0,2
flashscore_fhg,D1,2025,2026-01-30,fc koln,wolfsburg,1,0,1,0
flashscore_fhg,E1,2025,2026-01-30,bristol city,derby,0,5,2,5
flashscore_fhg,F1,2025,2026-01-30,lens,le havre,1,0,1,0
flashscore_fhg,I1,2025,2026-01-30,lazio,genoa,3,2,1,2
flashscore_fhg,N1,2025,2026-01-30,nac breda,twente,2,2,0,2
flashscore_fhg,P1,2025,2026-01-30,vitoria guimaraes,moreirense,1,0,1,0
flashscore_fhg,RO1,2025,2026-01-30,cfr cluj,metaloglobus bucharest,4,2,1,2
flashscore_fhg,RO1,2025,2026-01-30,din. bucuresti,petrolul,1,1,0,1
flashscore_fhg,SA1,2025,2026-01-30,al kholood,al nassr,0,3,2,3
flashscore_fhg,SA1,2025,2026-01-30,al taawon,al okhdood,1,0,1,0
flashscore_fhg,SA1,2025,2026-01-30,neom sc,damac,3,0,1,0
flashscore_fhg,SP1,2025,2026-01-30,espanyol,alaves,1,2,2,2
flashscore_fhg,D1,2025,2026-01-31,augsburg,st. pauli,2,1,1,1
flashscore_fhg,D1,2025,2026-01-31,eintracht frankfurt,bayer leverkusen,1,3,2,3
flashscore_fhg,D1,2025,2026-01-31,hamburger sv,bayern munich,2,2,0,2
flashscore_fhg,D1,2025,2026-01-31,hoffenheim,union berlin,3,1,1,1
flashscore_fhg,D1,2025,2026-01-31,rb leipzig,mainz,1,2,2,2
flashscore_fhg,D1,2025,2026-01-31,werder bremen,b. monchengladbach,1,1,0,1
flashscore_fhg,E0,2025,2026-01-31,brighton,everton,1,1,0,1
flashscore_fhg,E0,2025,2026-01-31,chelsea,west ham,3,2,1,2
flashscore_fhg,E0,2025,2026-01-31,leeds,arsenal,0,4,2,4
flashscore_fhg,E0,2025,2026-01-31,liverpool,newcastle,4,1,1,1
flashscore_fhg,E0,2025,2026-01-31,wolves,bournemouth,0,2,2,2
flashscore_fhg,E1,2025,2026-01-31,blackburn,hull,0,1,2,1
flashscore_fhg,E1,2025,2026-01-31,ipswich,preston,1,1,0,1
flashscore_fhg,E1,2025,2026-01-31,leicester,charlton,0,2,2,2
flashscore_fhg,E1,2025,2026-01-31,middlesbrough,norwich,1,0,1,0
flashscore_fhg,E1,2025,2026-01-31,millwall,sheffield utd,1,1,0,1
flashscore_fhg,E1,2025,2026-01-31,oxford utd,birmingham,0,2,2,2
flashscore_fhg,E1,2025,2026-01-31,portsmouth,west brom,3,0,1,0
flashscore_fhg,E1,2025,2026-01-31,qpr,coventry,2,1,1,1
flashscore_fhg,E1,2025,2026-01-31,sheffield wed,wrexham,0,1,2,1
flashscore_fhg,E1,2025,2026-01-31,stoke,southampton,0,2,2,2
flashscore_fhg,E1,2025,2026-01-31,watford,swansea,0,2,2,2
flashscore_fhg,F1,2025,2026-01-31,lorient,nantes,2,1,1,1
flashscore_fhg,F1,2025,2026-01-31,monaco,rennes,4,0,1,0
flashscore_fhg,F1,2025,2026-01-31,paris fc,marseille,2,2,0,2
flashscore_fhg,I1,2025,2026-01-31,cagliari,verona,4,0,1,0
flashscore_fhg,I1,2025,2026-01-31,napoli,fiorentina,2,1,1,1
flashscore_fhg,I1,2025,2026-01-31,pisa,sassuolo,1,3,2,3
flashscore_fhg,N1,2025,2026-01-31,az alkmaar,nijmegen,1,3,2,3
flashscore_fhg,N1,2025,2026-01-31,sparta rotterdam,groningen,2,0,1,0
flashscore_fhg,N1,2025,2026-01-31,zwolle,telstar,4,1,1,1
flashscore_fhg,P1,2025,2026-01-31,alverca,estrela,1,1,0,1
flashscore_fhg,P1,2025,2026-01-31,rio ave,arouca,0,3,2,3
flashscore_fhg,P1,2025,2026-01-31,santa clara,estoril,2,4,2,4
flashscore_fhg,RO1,2025,2026-01-31,fc arges,uta arad,0,1,2,1
flashscore_fhg,RO1,2025,2026-01-31,fc rapid bucuresti,u. cluj,0,2,2,2
flashscore_fhg,RO1,2025,2026-01-31,unirea slobozia,fc hermannstadt,2,3,2,3
flashscore_fhg,SP1,2025,2026-01-31,elche,barcelona,1,3,2,3
flashscore_fhg,SP1,2025,2026-01-31,levante,atl. madrid,0,0,0,0
flashscore_fhg,SP1,2025,2026-01-31,osasuna,villarreal,2,2,0,2
flashscore_fhg,SP1,2025,2026-01-31,oviedo,girona,1,0,1,0
flashscore_fhg,D1,2025,2026-02-01,dortmund,heidenheim,3,2,1,2
flashscore_fhg,D1,2025,2026-02-01,stuttgart,freiburg,1,0,1,0
flashscore_fhg,E0,2025,2026-02-01,aston villa,brentford,0,1,2,1
flashscore_fhg,E0,2025,2026-02-01,manchester utd,fulham,3,2,1,2
flashscore_fhg,E0,2025,2026-02-01,nottingham,crystal palace,1,1,0,1
flashscore_fhg,E0,2025,2026-02-01,tottenham,manchester city,2,2,0,2
flashscore_fhg,F1,2025,2026-02-01,angers,metz,1,0,1,0
flashscore_fhg,F1,2025,2026-02-01,lyon,lille,1,0,1,0
flashscore_fhg,F1,2025,2026-02-01,nice,brest,2,2,0,2
flashscore_fhg,F1,2025,2026-02-01,strasbourg,psg,1,2,2,2
flashscore_fhg,F1,2025,2026-02-01,toulouse,auxerre,0,0,0,0
flashscore_fhg,I1,2025,2026-02-01,como,atalanta,0,0,0,0
flashscore_fhg,I1,2025,2026-02-01,cremonese,inter,0,2,2,2
flashscore_fhg,I1,2025,2026-02-01,parma,juventus,1,4,2,4
flashscore_fhg,I1,2025,2026-02-01,torino,lecce,1,0,1,0
flashscore_fhg,N1,2025,2026-02-01,excelsior,ajax,2,2,0,2
flashscore_fhg,N1,2025,2026-02-01,fc volendam,g.a. eagles,1,1,0,1
flashscore_fhg,N1,2025,2026-02-01,heerenveen,utrecht,1,1,0,1
flashscore_fhg,N1,2025,2026-02-01,heracles,sittard,2,1,1,1
flashscore_fhg,N1,2025,2026-02-01,psv,feyenoord,3,0,1,0
flashscore_fhg,P1,2025,2026-02-01,gil vicente,famalicao,5,0,1,0
flashscore_fhg,P1,2025,2026-02-01,sporting cp,nacional,2,1,1,1
flashscore_fhg,P1,2025,2026-02-01,tondela,benfica,0,0,0,0
flashscore_fhg,RO1,2025,2026-02-01,farul constanta,univ. craiova,4,1,1,1
flashscore_fhg,RO1,2025,2026-02-01,fcsb,csikszereda m. ciuc,1,0,1,0
flashscore_fhg,SA1,2025,2026-02-01,al fateh,al hazem,1,1,0,1
flashscore_fhg,SA1,2025,2026-02-01,al ittihad,al najma,1,0,1,0
flashscore_fhg,SA1,2025,2026-02-01,al shabab,al fayha,1,0,1,0
flashscore_fhg,SP1,2025,2026-02-01,ath bilbao,real sociedad,1,1,0,1
flashscore_fhg,SP1,2025,2026-02-01,betis,valencia,2,1,1,1
flashscore_fhg,SP1,2025,2026-02-01,getafe,celta vigo,0,0,0,0
flashscore_fhg,SP1,2025,2026-02-01,real madrid,rayo vallecano,2,1,1,1
flashscore_fhg,E0,2025,2026-02-02,sunderland,burnley,3,0,1,0
flashscore_fhg,I1,2025,2026-02-02,udinese,as roma,1,0,1,0
flashscore_fhg,P1,2025,2026-02-02,afs,braga,0,4,2,4
flashscore_fhg,P1,2025,2026-02-02,casa pia,fc porto,2,1,1,1
flashscore_fhg,RO1,2025,2026-02-02,fc botosani,otelul,0,0,0,0
flashscore_fhg,SA1,2025,2026-02-02,al hilal,al ahli sc,0,0,0,0
flashscore_fhg,SA1,2025,2026-02-02,al okhdood,neom sc,1,1,0,1
flashscore_fhg,SA1,2025,2026-02-02,al riyadh,al nassr,0,1,2,1
flashscore_fhg,SP1,2025,2026-02-02,mallorca,sevilla,4,1,1,1
flashscore_fhg,E1,2025,2026-02-03,blackburn,sheffield wed,1,0,1,0
flashscore_fhg,E1,2025,2026-02-03,hull,watford,0,0,0,0
flashscore_fhg,E1,2025,2026-02-03,sheffield utd,oxford utd,3,1,1,1
flashscore_fhg,I1,2025,2026-02-03,bologna,ac milan,0,3,2,3
flashscore_fhg,RO1,2025,2026-02-03,fc hermannstadt,fc rapid bucuresti,0,3,2,3
flashscore_fhg,RO1,2025,2026-02-03,petrolul,unirea slobozia,1,0,1,0
flashscore_fhg,RO1,2025,2026-02-03,u. cluj,fc arges,3,1,1,1
flashscore_fhg,SA1,2025,2026-02-03,al ettifaq,al taawon,1,0,1,0
flashscore_fhg,SA1,2025,2026-02-03,al khaleej,al qadsiah,0,1,2,1
flashscore_fhg,SA1,2025,2026-02-03,damac,al kholood,0,0,0,0
flashscore_fhg,RO1,2025,2026-02-04,farul constanta,din. bucuresti,2,3,2,3
flashscore_fhg,RO1,2025,2026-02-04,metaloglobus bucharest,csikszereda m. ciuc,0,1,2,1
flashscore_fhg,RO1,2025,2026-02-04,uta arad,cfr cluj,0,1,2,1
flashscore_fhg,RO1,2025,2026-02-05,fcsb,fc botosani,2,1,1,1
flashscore_fhg,RO1,2025,2026-02-05,univ. craiova,otelul,1,0,1,0
flashscore_fhg,SA1,2025,2026-02-05,al ahli sc,al hazem,2,0,1,0
flashscore_fhg,SA1,2025,2026-02-05,al fayha,al najma,3,0,1,0
flashscore_fhg,SA1,2025,2026-02-05,al okhdood,al hilal,0,6,2,6
flashscore_fhg,D1,2025,2026-02-06,union berlin,eintracht frankfurt,1,1,0,1
flashscore_fhg,E0,2025,2026-02-06,leeds,nottingham,3,1,1,1
flashscore_fhg,E1,2025,2026-02-06,charlton,qpr,0,0,0,0
flashscore_fhg,F1,2025,2026-02-06,metz,lille,0,0,0,0
flashscore_fhg,I1,2025,2026-02-06,verona,pisa,0,0,0,0
flashscore_fhg,N1,2025,2026-02-06,nac breda,excelsior,0,2,2,2
flashscore_fhg,RO1,2025,2026-02-06,fc arges,fc hermannstadt,3,1,1,1
flashscore_fhg,RO1,2025,2026-02-06,fc rapid bucuresti,petrolul,1,1,0,1
flashscore_fhg,SA1,2025,2026-02-06,al ettifaq,damac,2,0,1,0
flashscore_fhg,SA1,2025,2026-02-06,al nassr,al ittihad,2,0,1,0
flashscore_fhg,SA1,2025,2026-02-06,neom sc,al riyadh,1,0,1,0
flashscore_fhg,SP1,2025,2026-02-06,celta vigo,osasuna,1,2,2,2
flashscore_fhg,D1,2025,2026-02-07,b. monchengladbach,bayer leverkusen,1,1,0,1
flashscore_fhg,D1,2025,2026-02-07,freiburg,werder bremen,1,0,1,0
flashscore_fhg,D1,2025,2026-02-07,heidenheim,hamburger sv,0,2,2,2
flashscore_fhg,D1,2025,2026-02-07,mainz,augsburg,2,0,1,0
flashscore_fhg,D1,2025,2026-02-07,st. pauli,stuttgart,2,1,1,1
flashscore_fhg,D1,2025,2026-02-07,wolfsburg,dortmund,1,2,2,2
flashscore_fhg,E0,2025,2026-02-07,arsenal,sunderland,3,0,1,0
flashscore_fhg,E0,2025,2026-02-07,bournemouth,aston villa,1,1,0,1
flashscore_fhg,E0,2025,2026-02-07,burnley,west ham,0,2,2,2
flashscore_fhg,E0,2025,2026-02-07,fulham,everton,1,2,2,2
flashscore_fhg,E0,2025,2026-02-07,manchester utd,tottenham,2,0,1,0
flashscore_fhg,E0,2025,2026-02-07,newcastle,brentford,2,3,2,3
flashscore_fhg,E0,2025,2026-02-07,wolves,chelsea,1,3,2,3
flashscore_fhg,E1,2025,2026-02-07,birmingham,leicester,2,1,1,1
flashscore_fhg,E1,2025,2026-02-07,coventry,oxford utd,0,0,0,0
flashscore_fhg,E1,2025,2026-02-07,derby,ipswich,1,2,2,2
flashscore_fhg,E1,2025,2026-02-07,hull,bristol city,2,3,2,3
flashscore_fhg,E1,2025,2026-02-07,norwich,blackburn,2,0,1,0
flashscore_fhg,E1,2025,2026-02-07,preston,portsmouth,1,0,1,0
flashscore_fhg,E1,2025,2026-02-07,southampton,watford,1,0,1,0
flashscore_fhg,E1,2025,2026-02-07,west brom,stoke,0,0,0,0
flashscore_fhg,E1,2025,2026-02-07,wrexham,millwall,0,2,2,2
flashscore_fhg,F1,2025,2026-02-07,brest,lorient,2,0,1,0
flashscore_fhg,F1,2025,2026-02-07,lens,rennes,3,1,1,1
flashscore_fhg,F1,2025,2026-02-07,nantes,lyon,0,1,2,1
flashscore_fhg,I1,2025,2026-02-07,fiorentina,torino,2,2,0,2
flashscore_fhg,I1,2025,2026-02-07,genoa,napoli,2,3,2,3
flashscore_fhg,N1,2025,2026-02-07,nijmegen,heracles,4,1,1,1
flashscore_fhg,N1,2025,2026-02-07,sittard,sparta rotterdam,2,2,0,2
flashscore_fhg,N1,2025,2026-02-07,twente,heerenveen,5,0,1,0
flashscore_fhg,N1,2025,2026-02-07,zwolle,fc volendam,1,2,2,2
flashscore_fhg,P1,2025,2026-02-07,arouca,vitoria guimaraes,3,2,1,2
flashscore_fhg,P1,2025,2026-02-07,estoril,tondela,2,2,0,2
flashscore_fhg,P1,2025,2026-02-07,estrela,santa clara,1,0,1,0
flashscore_fhg,P1,2025,2026-02-07,moreirense,gil vicente,1,2,2,2
flashscore_fhg,RO1,2025,2026-02-07,cfr cluj,u. cluj,3,2,1,2
flashscore_fhg,RO1,2025,2026-02-07,csikszereda m. ciuc,uta arad,2,0,1,0
flashscore_fhg,RO1,2025,2026-02-07,unirea slobozia,farul constanta,2,1,1,1
flashscore_fhg,SA1,2025,2026-02-07,al kholood,al shabab,1,0,1,0
flashscore_fhg,SA1,2025,2026-02-07,al qadsiah,al fateh,1,1,0,1
flashscore_fhg,SA1,2025,2026-02-07,al taawon,al khaleej,1,1,0,1
flashscore_fhg,SP1,2025,2026-02-07,barcelona,mallorca,3,0,1,0
flashscore_fhg,SP1,2025,2026-02-07,real sociedad,elche,3,1,1,1
flashscore_fhg,D1,2025,2026-02-08,bayern munich,hoffenheim,5,1,1,1
flashscore_fhg,D1,2025,2026-02-08,fc koln,rb leipzig,1,2,2,2
flashscore_fhg,E0,2025,2026-02-08,brighton,crystal palace,0,1,2,1
flashscore_fhg,E0,2025,2026-02-08,liverpool,manchester city,1,2,2,2
flashscore_fhg,E1,2025,2026-02-08,swansea,sheffield wed,4,0,1,0
flashscore_fhg,F1,2025,2026-02-08,angers,toulouse,1,0,1,0
flashscore_fhg,F1,2025,2026-02-08,auxerre,paris fc,0,0,0,0
flashscore_fhg,F1,2025,2026-02-08,le havre,strasbourg,2,1,1,1
flashscore_fhg,F1,2025,2026-02-08,nice,monaco,0,0,0,0
flashscore_fhg,F1,2025,2026-02-08,psg,marseille,5,0,1,0
flashscore_fhg,I1,2025,2026-02-08,bologna,parma,0,1,2,1
flashscore_fhg,I1,2025,2026-02-08,juventus,lazio,2,2,0,2
flashscore_fhg,I1,2025,2026-02-08,lecce,udinese,2,1,1,1
flashscore_fhg,I1,2025,2026-02-08,sassuolo,inter,0,5,2,5
flashscore_fhg,N1,2025,2026-02-08,az alkmaar,ajax,1,1,0,1
flashscore_fhg,N1,2025,2026-02-08,g.a. eagles,telstar,1,1,0,1
flashscore_fhg,N1,2025,2026-02-08,groningen,psv,1,2,2,2
flashscore_fhg,N1,2025,2026-02-08,utrecht,feyenoord,0,1,2,1
flashscore_fhg,P1,2025,2026-02-08,benfica,alverca,2,1,1,1
flashscore_fhg,P1,2025,2026-02-08,braga,rio ave,3,0,1,0
flashscore_fhg,P1,2025,2026-02-08,nacional,casa pia,0,0,0,0
flashscore_fhg,RO1,2025,2026-02-08,fc botosani,metaloglobus bucharest,3,0,1,0
flashscore_fhg,RO1,2025,2026-02-08,otelul,fcsb,1,4,2,4
flashscore_fhg,SP1,2025,2026-02-08,alaves,getafe,0,2,2,2
flashscore_fhg,SP1,2025,2026-02-08,ath bilbao,levante,4,2,1,2
flashscore_fhg,SP1,2025,2026-02-08,atl. madrid,betis,0,1,2,1
flashscore_fhg,SP1,2025,2026-02-08,sevilla,girona,1,1,0,1
flashscore_fhg,SP1,2025,2026-02-08,valencia,real madrid,0,2,2,2
flashscore_fhg,E1,2025,2026-02-09,sheffield utd,middlesbrough,1,2,2,2
flashscore_fhg,I1,2025,2026-02-09,as roma,cagliari,2,0,1,0
flashscore_fhg,I1,2025,2026-02-09,atalanta,cremonese,2,1,1,1
flashscore_fhg,P1,2025,2026-02-09,famalicao,afs,3,1,1,1
flashscore_fhg,P1,2025,2026-02-09,fc porto,sporting cp,1,1,0,1
flashscore_fhg,RO1,2025,2026-02-09,din. bucuresti,univ. craiova,1,1,0,1
flashscore_fhg,SP1,2025,2026-02-09,villarreal,espanyol,4,1,1,1
flashscore_fhg,E0,2025,2026-02-10,chelsea,leeds,2,2,0,2
flashscore_fhg,E0,2025,2026-02-10,everton,bournemouth,1,2,2,2
flashscore_fhg,E0,2025,2026-02-10,tottenham,newcastle,1,2,2,2
flashscore_fhg,E0,2025,2026-02-10,west ham,manchester utd,1,1,0,1
flashscore_fhg,E1,2025,2026-02-10,birmingham,west brom,0,0,0,0
flashscore_fhg,E1,2025,2026-02-10,leicester,southampton,3,4,2,4
flashscore_fhg,E1,2025,2026-02-10,oxford utd,norwich,0,3,2,3
flashscore_fhg,E0,2025,2026-02-11,aston villa,brighton,1,0,1,0
flashscore_fhg,E0,2025,2026-02-11,crystal palace,burnley,2,3,2,3
flashscore_fhg,E0,2025,2026-02-11,manchester city,fulham,3,0,1,0
flashscore_fhg,E0,2025,2026-02-11,nottingham,wolves,0,0,0,0
flashscore_fhg,E0,2025,2026-02-11,sunderland,liverpool,0,1,2,1
flashscore_fhg,E1,2025,2026-02-11,charlton,stoke,1,0,1,0
flashscore_fhg,N1,2025,2026-02-11,g.a. eagles,heerenveen,1,3,2,3
flashscore_fhg,N1,2025,2026-02-11,nijmegen,utrecht,1,3,2,3
flashscore_fhg,E0,2025,2026-02-12,brentford,arsenal,1,1,0,1
flashscore_fhg,SA1,2025,2026-02-12,al hazem,al okhdood,2,1,1,1
flashscore_fhg,SA1,2025,2026-02-12,al qadsiah,neom sc,1,0,1,0
flashscore_fhg,SA1,2025,2026-02-12,damac,al taawon,2,1,1,1
flashscore_fhg,D1,2025,2026-02-13,dortmund,mainz,4,0,1,0
flashscore_fhg,F1,2025,2026-02-13,monaco,nantes,3,1,1,1
flashscore_fhg,F1,2025,2026-02-13,rennes,psg,3,1,1,1
flashscore_fhg,I1,2025,2026-02-13,pisa,ac milan,1,2,2,2
flashscore_fhg,N1,2025,2026-02-13,fc volendam,psv,2,1,1,1
flashscore_fhg,P1,2025,2026-02-13,santa clara,benfica,1,2,2,2
flashscore_fhg,P1,2025,2026-02-13,tondela,alverca,1,1,0,1
flashscore_fhg,RO1,2025,2026-02-13,petrolul,fc arges,2,1,1,1
flashscore_fhg,SA1,2025,2026-02-13,al hilal,al ettifaq,2,0,1,0
flashscore_fhg,SA1,2025,2026-02-13,al ittihad,al fayha,2,1,1,1
flashscore_fhg,SA1,2025,2026-02-13,al shabab,al ahli sc,2,5,2,5
flashscore_fhg,SP1,2025,2026-02-13,elche,osasuna,0,0,0,0
flashscore_fhg,D1,2025,2026-02-14,bayer leverkusen,st. pauli,4,0,1,0
flashscore_fhg,D1,2025,2026-02-14,eintracht frankfurt,b. monchengladbach,3,0,1,0
flashscore_fhg,D1,2025,2026-02-14,hamburger sv,union berlin,3,2,1,2
flashscore_fhg,D1,2025,2026-02-14,hoffenheim,freiburg,3,0,1,0
flashscore_fhg,D1,2025,2026-02-14,stuttgart,fc koln,3,1,1,1
flashscore_fhg,D1,2025,2026-02-14,werder bremen,bayern munich,0,3,2,3
flashscore_fhg,E1,2025,2026-02-14,derby,swansea,2,0,1,0
flashscore_fhg,E1,2025,2026-02-14,portsmouth,sheffield utd,0,1,2,1
flashscore_fhg,E1,2025,2026-02-14,preston,watford,2,2,0,2
flashscore_fhg,E1,2025,2026-02-14,qpr,blackburn,1,3,2,3
flashscore_fhg,E1,2025,2026-02-14,sheffield wed,millwall,1,2,2,2
flashscore_fhg,F1,2025,2026-02-14,lille,brest,1,1,0,1
flashscore_fhg,F1,2025,2026-02-14,marseille,strasbourg,2,2,0,2
flashscore_fhg,F1,2025,2026-02-14,paris fc,lens,0,5,2,5
flashscore_fhg,I1,2025,2026-02-14,como,fiorentina,1,2,2,2
flashscore_fhg,I1,2025,2026-02-14,inter,juventus,3,2,1,2
flashscore_fhg,I1,2025,2026-02-14,lazio,atalanta,0,2,2,2
flashscore_fhg,N1,2025,2026-02-14,ajax,sittard,4,1,1,1
flashscore_fhg,N1,2025,2026-02-14,excelsior,az alkmaar,1,2,2,2
flashscore_fhg,N1,2025,2026-02-14,groningen,utrecht,1,2,2,2
flashscore_fhg,N1,2025,2026-02-14,heracles,nac breda,0,1,2,1
flashscore_fhg,P1,2025,2026-02-14,casa pia,arouca,3,2,1,2
flashscore_fhg,P1,2025,2026-02-14,gil vicente,braga,2,1,1,1
flashscore_fhg,P1,2025,2026-02-14,vitoria guimaraes,estrela,2,1,1,1
flashscore_fhg,RO1,2025,2026-02-14,metaloglobus bucharest,otelul,0,1,2,1
flashscore_fhg,RO1,2025,2026-02-14,u. cluj,csikszereda m. ciuc,4,1,1,1
flashscore_fhg,SA1,2025,2026-02-14,al fateh,al nassr,0,2,2,2
flashscore_fhg,SA1,2025,2026-02-14,al najma,al kholood,2,1,1,1
flashscore_fhg,SA1,2025,2026-02-14,al riyadh,al khaleej,1,1,0,1
flashscore_fhg,SP1,2025,2026-02-14,espanyol,celta vigo,2,2,0,2
flashscore_fhg,SP1,2025,2026-02-14,getafe,villarreal,2,1,1,1
flashscore_fhg,SP1,2025,2026-02-14,real madrid,real sociedad,4,1,1,1
flashscore_fhg,SP1,2025,2026-02-14,sevilla,alaves,1,1,0,1
flashscore_fhg,D1,2025,2026-02-15,augsburg,heidenheim,1,0,1,0
flashscore_fhg,D1,2025,2026-02-15,rb leipzig,wolfsburg,2,2,0,2
flashscore_fhg,F1,2025,2026-02-15,le havre,toulouse,2,1,1,1
flashscore_fhg,F1,2025,2026-02-15,lorient,angers,2,0,1,0
flashscore_fhg,F1,2025,2026-02-15,lyon,nice,2,0,1,0
flashscore_fhg,F1,2025,2026-02-15,metz,auxerre,1,3,2,3
flashscore_fhg,I1,2025,2026-02-15,cremonese,genoa,0,0,0,0
flashscore_fhg,I1,2025,2026-02-15,napoli,as roma,2,2,0,2
flashscore_fhg,I1,2025,2026-02-15,parma,verona,2,1,1,1
flashscore_fhg,I1,2025,2026-02-15,torino,bologna,1,2,2,2
flashscore_fhg,I1,2025,2026-02-15,udinese,sassuolo,1,2,2,2
flashscore_fhg,N1,2025,2026-02-15,feyenoord,g.a. eagles,1,0,1,0
flashscore_fhg,N1,2025,2026-02-15,heerenveen,zwolle,4,2,1,2
flashscore_fhg,N1,2025,2026-02-15,telstar,twente,1,1,0,1
flashscore_fhg,P1,2025,2026-02-15,afs,estoril,3,0,1,0
flashscore_fhg,P1,2025,2026-02-15,nacional,fc porto,0,1,2,1
flashscore_fhg,P1,2025,2026-02-15,sporting cp,famalicao,1,0,1,0
flashscore_fhg,RO1,2025,2026-02-15,farul constanta,fc rapid bucuresti,3,1,1,1
flashscore_fhg,RO1,2025,2026-02-15,univ. craiova,fcsb,1,0,1,0
flashscore_fhg,RO1,2025,2026-02-15,uta arad,fc botosani,2,1,1,1
flashscore_fhg,SP1,2025,2026-02-15,levante,valencia,0,2,2,2
flashscore_fhg,SP1,2025,2026-02-15,mallorca,betis,1,2,2,2
flashscore_fhg,SP1,2025,2026-02-15,oviedo,ath bilbao,1,2,2,2
flashscore_fhg,SP1,2025,2026-02-15,rayo vallecano,atl. madrid,3,0,1,0
flashscore_fhg,E1,2025,2026-02-16,coventry,middlesbrough,3,1,1,1
flashscore_fhg,I1,2025,2026-02-16,cagliari,lecce,0,2,2,2
flashscore_fhg,P1,2025,2026-02-16,rio ave,moreirense,1,2,2,2
flashscore_fhg,RO1,2025,2026-02-16,din. bucuresti,unirea slobozia,1,0,1,0
flashscore_fhg,RO1,2025,2026-02-16,fc hermannstadt,cfr cluj,0,1,2,1
flashscore_fhg,SP1,2025,2026-02-16,girona,barcelona,2,1,1,1
flashscore_fhg,E1,2025,2026-02-17,bristol city,wrexham,2,2,0,2
flashscore_fhg,E1,2025,2026-02-17,charlton,portsmouth,1,3,2,3
flashscore_fhg,N1,2025,2026-02-17,sparta rotterdam,nijmegen,1,1,0,1
flashscore_fhg,E0,2025,2026-02-18,wolves,arsenal,2,2,0,2
flashscore_fhg,I1,2025,2026-02-18,ac milan,como,1,1,0,1
flashscore_fhg,SP1,2025,2026-02-18,levante,villarreal,0,1,2,1
flashscore_fhg,SA1,2025,2026-02-19,al ahli sc,al najma,4,1,1,1
flashscore_fhg,SA1,2025,2026-02-19,al ettifaq,al fateh,4,3,1,3
flashscore_fhg,SA1,2025,2026-02-19,al kholood,al riyadh,0,2,2,2
flashscore_fhg,D1,2025,2026-02-20,mainz,hamburger sv,1,1,0,1
flashscore_fhg,E1,2025,2026-02-20,blackburn,preston,1,0,1,0
flashscore_fhg,F1,2025,2026-02-20,brest,marseille,2,0,1,0
flashscore_fhg,I1,2025,2026-02-20,sassuolo,verona,3,0,1,0
flashscore_fhg,N1,2025,2026-02-20,sittard,excelsior,2,1,1,1
flashscore_fhg,P1,2025,2026-02-20,estrela,tondela,0,2,2,2
flashscore_fhg,RO1,2025,2026-02-20,fc botosani,u. cluj,1,3,2,3
flashscore_fhg,RO1,2025,2026-02-20,otelul,uta arad,2,2,0,2
flashscore_fhg,SA1,2025,2026-02-20,al okhdood,al qadsiah,2,4,2,4
flashscore_fhg,SA1,2025,2026-02-20,al taawon,al fayha,2,3,2,3
flashscore_fhg,SA1,2025,2026-02-20,damac,al shabab,1,3,2,3
flashscore_fhg,SP1,2025,2026-02-20,ath bilbao,elche,2,1,1,1
flashscore_fhg,D1,2025,2026-02-21,bayern munich,eintracht frankfurt,3,2,1,2
flashscore_fhg,D1,2025,2026-02-21,fc koln,hoffenheim,2,2,0,2
flashscore_fhg,D1,2025,2026-02-21,rb leipzig,dortmund,2,2,0,2
flashscore_fhg,D1,2025,2026-02-21,union berlin,bayer leverkusen,1,0,1,0
flashscore_fhg,D1,2025,2026-02-21,wolfsburg,augsburg,2,3,2,3
flashscore_fhg,E0,2025,2026-02-21,aston villa,leeds,1,1,0,1
flashscore_fhg,E0,2025,2026-02-21,brentford,brighton,0,2,2,2
flashscore_fhg,E0,2025,2026-02-21,chelsea,burnley,1,1,0,1
flashscore_fhg,E0,2025,2026-02-21,manchester city,newcastle,2,1,1,1
flashscore_fhg,E0,2025,2026-02-21,west ham,bournemouth,0,0,0,0
flashscore_fhg,E1,2025,2026-02-21,hull,qpr,1,3,2,3
flashscore_fhg,E1,2025,2026-02-21,middlesbrough,oxford utd,0,0,0,0
flashscore_fhg,E1,2025,2026-02-21,millwall,portsmouth,1,3,2,3
flashscore_fhg,E1,2025,2026-02-21,norwich,birmingham,1,2,2,2
flashscore_fhg,E1,2025,2026-02-21,southampton,charlton,1,1,0,1
flashscore_fhg,E1,2025,2026-02-21,stoke,leicester,2,2,0,2
flashscore_fhg,E1,2025,2026-02-21,swansea,bristol city,1,0,1,0
flashscore_fhg,E1,2025,2026-02-21,watford,derby,2,0,1,0
flashscore_fhg,E1,2025,2026-02-21,west brom,coventry,0,2,2,2
flashscore_fhg,E1,2025,2026-02-21,wrexham,ipswich,5,3,1,3
flashscore_fhg,F1,2025,2026-02-21,lens,monaco,2,3,2,3
flashscore_fhg,F1,2025,2026-02-21,psg,metz,3,0,1,0
flashscore_fhg,F1,2025,2026-02-21,toulouse,paris fc,1,1,0,1
flashscore_fhg,I1,2025,2026-02-21,cagliari,lazio,0,0,0,0
flashscore_fhg,I1,2025,2026-02-21,juventus,como,0,2,2,2
flashscore_fhg,I1,2025,2026-02-21,lecce,inter,0,2,2,2
flashscore_fhg,N1,2025,2026-02-21,ajax,nijmegen,1,1,0,1
flashscore_fhg,N1,2025,2026-02-21,nac breda,fc volendam,1,0,1,0
flashscore_fhg,N1,2025,2026-02-21,psv,heerenveen,3,1,1,1
flashscore_fhg,P1,2025,2026-02-21,alverca,santa clara,1,1,0,1
flashscore_fhg,P1,2025,2026-02-21,arouca,nacional,3,0,1,0
flashscore_fhg,P1,2025,2026-02-21,benfica,afs,3,0,1,0
flashscore_fhg,P1,2025,2026-02-21,braga,vitoria guimaraes,3,2,1,2
flashscore_fhg,P1,2025,2026-02-21,moreirense,sporting cp,0,3,2,3
flashscore_fhg,RO1,2025,2026-02-21,cfr cluj,petrolul,2,1,1,1
flashscore_fhg,RO1,2025,2026-02-21,fc rapid bucuresti,din. bucuresti,2,1,1,1
flashscore_fhg,SA1,2025,2026-02-21,al hilal,al ittihad,1,1,0,1
flashscore_fhg,SA1,2025,2026-02-21,al khaleej,neom sc,0,1,2,1
flashscore_fhg,SA1,2025,2026-02-21,al nassr,al hazem,4,0,1,0
flashscore_fhg,SP1,2025,2026-02-21,atl. madrid,espanyol,4,2,1,2
flashscore_fhg,SP1,2025,2026-02-21,betis,rayo vallecano,1,1,0,1
flashscore_fhg,SP1,2025,2026-02-21,osasuna,real madrid,2,1,1,1
flashscore_fhg,SP1,2025,2026-02-21,real sociedad,oviedo,3,3,0,3
flashscore_fhg,D1,2025,2026-02-22,freiburg,b. monchengladbach,2,1,1,1
flashscore_fhg,D1,2025,2026-02-22,heidenheim,stuttgart,3,3,0,3
flashscore_fhg,D1,2025,2026-02-22,st. pauli,werder bremen,2,1,1,1
flashscore_fhg,E0,2025,2026-02-22,crystal palace,wolves,1,0,1,0
flashscore_fhg,E0,2025,2026-02-22,nottingham,liverpool,0,1,2,1
flashscore_fhg,E0,2025,2026-02-22,sunderland,fulham,1,3,2,3
flashscore_fhg,E0,2025,2026-02-22,tottenham,arsenal,1,4,2,4
flashscore_fhg,E1,2025,2026-02-22,sheffield utd,sheffield wed,2,1,1,1
flashscore_fhg,F1,2025,2026-02-22,angers,lille,0,1,2,1
flashscore_fhg,F1,2025,2026-02-22,auxerre,rennes,0,3,2,3
flashscore_fhg,F1,2025,2026-02-22,nantes,le havre,2,0,1,0
flashscore_fhg,F1,2025,2026-02-22,nice,lorient,3,3,0,3
flashscore_fhg,F1,2025,2026-02-22,strasbourg,lyon,3,1,1,1
flashscore_fhg,I1,2025,2026-02-22,ac milan,parma,0,1,2,1
flashscore_fhg,I1,2025,2026-02-22,as roma,cremonese,3,0,1,0
flashscore_fhg,I1,2025,2026-02-22,atalanta,napoli,2,1,1,1
flashscore_fhg,I1,2025,2026-02-22,genoa,torino,3,0,1,0
flashscore_fhg,N1,2025,2026-02-22,az alkmaar,sparta rotterdam,3,1,1,1
flashscore_fhg,N1,2025,2026-02-22,feyenoord,telstar,2,1,1,1
flashscore_fhg,N1,2025,2026-02-22,g.a. eagles,heracles,4,0,1,0
flashscore_fhg,N1,2025,2026-02-22,twente,groningen,2,1,1,1
flashscore_fhg,N1,2025,2026-02-22,utrecht,zwolle,1,1,0,1
flashscore_fhg,P1,2025,2026-02-22,estoril,gil vicente,3,1,1,1
flashscore_fhg,P1,2025,2026-02-22,fc porto,rio ave,1,0,1,0
flashscore_fhg,RO1,2025,2026-02-22,fc arges,farul constanta,1,0,1,0
flashscore_fhg,RO1,2025,2026-02-22,unirea slobozia,univ. craiova,0,3,2,3
flashscore_fhg,SP1,2025,2026-02-22,barcelona,levante,3,0,1,0
flashscore_fhg,SP1,2025,2026-02-22,celta vigo,mallorca,2,0,1,0
flashscore_fhg,SP1,2025,2026-02-22,getafe,sevilla,0,1,2,1
flashscore_fhg,SP1,2025,2026-02-22,villarreal,valencia,2,1,1,1
flashscore_fhg,E0,2025,2026-02-23,everton,manchester utd,0,1,2,1
flashscore_fhg,I1,2025,2026-02-23,bologna,udinese,1,0,1,0
flashscore_fhg,I1,2025,2026-02-23,fiorentina,pisa,1,0,1,0
flashscore_fhg,P1,2025,2026-02-23,famalicao,casa pia,2,0,1,0
flashscore_fhg,RO1,2025,2026-02-23,csikszereda m. ciuc,fc hermannstadt,2,1,1,1
flashscore_fhg,RO1,2025,2026-02-23,fcsb,metaloglobus bucharest,4,1,1,1
flashscore_fhg,SA1,2025,2026-02-23,al fateh,al okhdood,2,1,1,1
flashscore_fhg,SA1,2025,2026-02-23,al qadsiah,al ettifaq,4,0,1,0
flashscore_fhg,SA1,2025,2026-02-23,al shabab,al riyadh,3,1,1,1
flashscore_fhg,SA1,2025,2026-02-23,damac,al ahli sc,0,1,2,1
flashscore_fhg,SP1,2025,2026-02-23,alaves,girona,2,2,0,2
flashscore_fhg,E1,2025,2026-02-24,blackburn,bristol city,1,2,2,2
flashscore_fhg,E1,2025,2026-02-24,hull,derby,4,2,1,2
flashscore_fhg,E1,2025,2026-02-24,middlesbrough,leicester,1,1,0,1
flashscore_fhg,E1,2025,2026-02-24,southampton,qpr,5,0,1,0
flashscore_fhg,E1,2025,2026-02-24,swansea,preston,1,1,0,1
flashscore_fhg,E1,2025,2026-02-24,watford,ipswich,0,2,2,2
flashscore_fhg,E1,2025,2026-02-24,west brom,charlton,1,1,0,1
flashscore_fhg,E1,2025,2026-02-24,wrexham,portsmouth,2,1,1,1
flashscore_fhg,SA1,2025,2026-02-24,al hazem,al ittihad,1,1,0,1
flashscore_fhg,SA1,2025,2026-02-24,al khaleej,al kholood,2,3,2,3
flashscore_fhg,SA1,2025,2026-02-24,al taawon,al hilal,1,1,0,1
flashscore_fhg,E1,2025,2026-02-25,millwall,birmingham,3,0,1,0
flashscore_fhg,E1,2025,2026-02-25,norwich,sheffield wed,2,0,1,0
flashscore_fhg,E1,2025,2026-02-25,sheffield utd,coventry,1,2,2,2
flashscore_fhg,E1,2025,2026-02-25,stoke,oxford utd,2,1,1,1
flashscore_fhg,SA1,2025,2026-02-25,al fayha,neom sc,1,1,0,1
flashscore_fhg,SA1,2025,2026-02-25,al najma,al nassr,0,5,2,5
flashscore_fhg,SA1,2025,2026-02-26,al fateh,damac,1,1,0,1
flashscore_fhg,SA1,2025,2026-02-26,al riyadh,al ahli sc,0,1,2,1
flashscore_fhg,D1,2025,2026-02-27,augsburg,fc koln,2,0,1,0
flashscore_fhg,E0,2025,2026-02-27,wolves,aston villa,2,0,1,0
flashscore_fhg,E1,2025,2026-02-27,bristol city,watford,1,2,2,2
flashscore_fhg,F1,2025,2026-02-27,strasbourg,lens,1,1,0,1
flashscore_fhg,I1,2025,2026-02-27,parma,cagliari,1,1,0,1
flashscore_fhg,N1,2025,2026-02-27,telstar,nac breda,3,0,1,0
flashscore_fhg,P1,2025,2026-02-27,fc porto,arouca,3,1,1,1
flashscore_fhg,P1,2025,2026-02-27,sporting cp,estoril,3,0,1,0
flashscore_fhg,RO1,2025,2026-02-27,fc hermannstadt,fc botosani,3,1,1,1
flashscore_fhg,RO1,2025,2026-02-27,u. cluj,otelul,4,0,1,0
flashscore_fhg,SA1,2025,2026-02-27,al hazem,al ettifaq,3,1,1,1
flashscore_fhg,SA1,2025,2026-02-27,al ittihad,al khaleej,1,0,1,0
flashscore_fhg,SA1,2025,2026-02-27,al shabab,al hilal,3,5,2,5
flashscore_fhg,SP1,2025,2026-02-27,levante,alaves,2,0,1,0
flashscore_fhg,D1,2025,2026-02-28,b. monchengladbach,union berlin,1,0,1,0
flashscore_fhg,D1,2025,2026-02-28,bayer leverkusen,mainz,1,1,0,1
flashscore_fhg,D1,2025,2026-02-28,dortmund,bayern munich,2,3,2,3
flashscore_fhg,D1,2025,2026-02-28,hoffenheim,st. pauli,0,1,2,1
flashscore_fhg,D1,2025,2026-02-28,werder bremen,heidenheim,2,0,1,0
flashscore_fhg,E0,2025,2026-02-28,bournemouth,sunderland,1,1,0,1
flashscore_fhg,E0,2025,2026-02-28,burnley,brentford,3,4,2,4
flashscore_fhg,E0,2025,2026-02-28,leeds,manchester city,0,1,2,1
flashscore_fhg,E0,2025,2026-02-28,liverpool,west ham,5,2,1,2
flashscore_fhg,E0,2025,2026-02-28,newcastle,everton,2,3,2,3
flashscore_fhg,E1,2025,2026-02-28,charlton,wrexham,0,1,2,1
flashscore_fhg,E1,2025,2026-02-28,coventry,stoke,2,1,1,1
flashscore_fhg,E1,2025,2026-02-28,derby,blackburn,3,1,1,1
flashscore_fhg,E1,2025,2026-02-28,ipswich,swansea,3,0,1,0
flashscore_fhg,E1,2025,2026-02-28,leicester,norwich,0,2,2,2
flashscore_fhg,E1,2025,2026-02-28,oxford utd,west brom,2,1,1,1
flashscore_fhg,E1,2025,2026-02-28,portsmouth,hull,0,1,2,1
flashscore_fhg,E1,2025,2026-02-28,preston,millwall,0,2,2,2
flashscore_fhg,E1,2025,2026-02-28,qpr,sheffield utd,0,2,2,2
flashscore_fhg,E1,2025,2026-02-28,sheffield wed,southampton,1,3,2,3
flashscore_fhg,F1,2025,2026-02-28,le havre,psg,0,1,2,1
flashscore_fhg,F1,2025,2026-02-28,monaco,angers,2,0,1,0
flashscore_fhg,F1,2025,2026-02-28,rennes,toulouse,1,0,1,0
flashscore_fhg,I1,2025,2026-02-28,como,lecce,3,1,1,1
flashscore_fhg,I1,2025,2026-02-28,inter,genoa,2,0,1,0
flashscore_fhg,I1,2025,2026-02-28,verona,napoli,1,2,2,2
flashscore_fhg,N1,2025,2026-02-28,heerenveen,sparta rotterdam,2,1,1,1
flashscore_fhg,N1,2025,2026-02-28,heracles,psv,1,3,2,3
flashscore_fhg,N1,2025,2026-02-28,nijmegen,sittard,2,3,2,3
flashscore_fhg,P1,2025,2026-02-28,afs,estrela,0,0,0,0
flashscore_fhg,P1,2025,2026-02-28,nacional,braga,1,2,2,2
flashscore_fhg,P1,2025,2026-02-28,vitoria guimaraes,alverca,1,1,0,1
flashscore_fhg,RO1,2025,2026-02-28,farul constanta,cfr cluj,1,2,2,2
flashscore_fhg,RO1,2025,2026-02-28,univ. craiova,metaloglobus bucharest,2,1,1,1
flashscore_fhg,SA1,2025,2026-02-28,al fayha,al nassr,1,3,2,3
flashscore_fhg,SA1,2025,2026-02-28,al najma,al okhdood,1,3,2,3
flashscore_fhg,SA1,2025,2026-02-28,al qadsiah,al taawon,1,1,0,1
flashscore_fhg,SA1,2025,2026-02-28,neom sc,al kholood,1,2,2,2
flashscore_fhg,SP1,2025,2026-02-28,barcelona,villarreal,4,1,1,1
flashscore_fhg,SP1,2025,2026-02-28,mallorca,real sociedad,0,1,2,1
flashscore_fhg,SP1,2025,2026-02-28,oviedo,atl. madrid,0,1,2,1
flashscore_fhg,SP1,2025,2026-02-28,rayo vallecano,ath bilbao,1,1,0,1
flashscore_fhg,F1,2025,2026-03-01,paris fc,nice,1,0,1,0
flashscore_fhg,I1,2025,2026-03-01,cremonese,ac milan,0,2,2,2
flashscore_fhg,I1,2025,2026-03-01,sassuolo,atalanta,2,1,1,1
flashscore_fhg,N1,2025,2026-03-01,fc volendam,groningen,3,2,1,2
flashscore_fhg,N1,2025,2026-03-01,twente,feyenoord,2,0,1,0
flashscore_fhg,N1,2025,2026-03-01,zwolle,ajax,0,0,0,0
flashscore_fhg,RO1,2025,2026-03-01,petrolul,csikszereda m. ciuc,1,1,0,1
flashscore_fhg,SP1,2025,2026-03-01,elche,espanyol,2,2,0,2
